election_id,election_name,election_date,state,total_seats,pollster,predictions_json,actual_results_json,source
assam_2026,2026 Assam Legislative Assembly election,2026-05-04,Assam,126,Peoples Pulse,"{""NDA"": [83, 91], ""ASOM"": [23, 30], ""Others"": [3, 6]}","{""NDA"": 102, ""ASOM"": 21, ""Others"": 3}","Wikipedia: 2026 Assam Legislative Assembly election, https://en.wikipedia.org/wiki/2026_Assam_Legislative_Assembly_election"
assam_2026,2026 Assam Legislative Assembly election,2026-05-04,Assam,126,Vote Vibe,"{""NDA"": [90, 100], ""ASOM"": [23, 33], ""Others"": [0, 6]}","{""NDA"": 102, ""ASOM"": 21, ""Others"": 3}","Wikipedia: 2026 Assam Legislative Assembly election, https://en.wikipedia.org/wiki/2026_Assam_Legislative_Assembly_election"
assam_2026,2026 Assam Legislative Assembly election,2026-05-04,Assam,126,Matrize,"{""NDA"": [89, 95], ""ASOM"": [25, 32], ""Others"": [6, 12]}","{""NDA"": 102, ""ASOM"": 21, ""Others"": 3}","Wikipedia: 2026 Assam Legislative Assembly election, https://en.wikipedia.org/wiki/2026_Assam_Legislative_Assembly_election"
assam_2026,2026 Assam Legislative Assembly election,2026-05-04,Assam,126,JVC,"{""NDA"": [88, 101], ""ASOM"": [23, 33], ""Others"": [2, 5]}","{""NDA"": 102, ""ASOM"": 21, ""Others"": 3}","Wikipedia: 2026 Assam Legislative Assembly election, https://en.wikipedia.org/wiki/2026_Assam_Legislative_Assembly_election"
assam_2026,2026 Assam Legislative Assembly election,2026-05-04,Assam,126,Axis My India,"{""NDA"": [88, 100], ""ASOM"": [24, 36], ""Others"": [0, 3]}","{""NDA"": 102, ""ASOM"": 21, ""Others"": 3}","Wikipedia: 2026 Assam Legislative Assembly election, https://en.wikipedia.org/wiki/2026_Assam_Legislative_Assembly_election"
assam_2026,2026 Assam Legislative Assembly election,2026-05-04,Assam,126,Janmat,"{""NDA"": [87, 98], ""ASOM"": [29, 30], ""Others"": [0, 0]}","{""NDA"": 102, ""ASOM"": 21, ""Others"": 3}","Wikipedia: 2026 Assam Legislative Assembly election, https://en.wikipedia.org/wiki/2026_Assam_Legislative_Assembly_election"
assam_2026,2026 Assam Legislative Assembly election,2026-05-04,Assam,126,P-Marq,"{""NDA"": [82, 94], ""ASOM"": [30, 40], ""Others"": [1, 5]}","{""NDA"": 102, ""ASOM"": 21, ""Others"": 3}","Wikipedia: 2026 Assam Legislative Assembly election, https://en.wikipedia.org/wiki/2026_Assam_Legislative_Assembly_election"
assam_2026,2026 Assam Legislative Assembly election,2026-05-04,Assam,126,Today's Chankya,"{""NDA"": [93, 111], ""ASOM"": [14, 32], ""Others"": [0, 2]}","{""NDA"": 102, ""ASOM"": 21, ""Others"": 3}","Wikipedia: 2026 Assam Legislative Assembly election, https://en.wikipedia.org/wiki/2026_Assam_Legislative_Assembly_election"
kerala_2026,2026 Kerala Legislative Assembly election,2026-05-04,Kerala,140,Todays Chanakya,"{""LDF"": [55, 73], ""UDF"": [60, 78], ""NDA"": [3, 11]}","{""UDF"": 102, ""LDF"": 35, ""NDA"": 3}","Wikipedia: 2026 Kerala Legislative Assembly election, https://en.wikipedia.org/wiki/2026_Kerala_Legislative_Assembly_election"
kerala_2026,2026 Kerala Legislative Assembly election,2026-05-04,Kerala,140,Manorama News - CVoter,"{""LDF"": [44, 56], ""UDF"": [82, 94], ""NDA"": [1, 3]}","{""UDF"": 102, ""LDF"": 35, ""NDA"": 3}","Wikipedia: 2026 Kerala Legislative Assembly election, https://en.wikipedia.org/wiki/2026_Kerala_Legislative_Assembly_election"
kerala_2026,2026 Kerala Legislative Assembly election,2026-05-04,Kerala,140,Axis My India,"{""LDF"": [47, 57], ""UDF"": [83, 93], ""NDA"": [0, 3]}","{""UDF"": 102, ""LDF"": 35, ""NDA"": 3}","Wikipedia: 2026 Kerala Legislative Assembly election, https://en.wikipedia.org/wiki/2026_Kerala_Legislative_Assembly_election"
kerala_2026,2026 Kerala Legislative Assembly election,2026-05-04,Kerala,140,Times Now -JVC,"{""LDF"": [52, 61], ""UDF"": [72, 84], ""NDA"": [3, 7]}","{""UDF"": 102, ""LDF"": 35, ""NDA"": 3}","Wikipedia: 2026 Kerala Legislative Assembly election, https://en.wikipedia.org/wiki/2026_Kerala_Legislative_Assembly_election"
kerala_2026,2026 Kerala Legislative Assembly election,2026-05-04,Kerala,140,Chanakya Strategies,"{""LDF"": [58, 64], ""UDF"": [72, 80], ""NDA"": [1, 3]}","{""UDF"": 102, ""LDF"": 35, ""NDA"": 3}","Wikipedia: 2026 Kerala Legislative Assembly election, https://en.wikipedia.org/wiki/2026_Kerala_Legislative_Assembly_election"
kerala_2026,2026 Kerala Legislative Assembly election,2026-05-04,Kerala,140,P-Marq,"{""LDF"": [62, 69], ""UDF"": [71, 79], ""NDA"": [1, 4]}","{""UDF"": 102, ""LDF"": 35, ""NDA"": 3}","Wikipedia: 2026 Kerala Legislative Assembly election, https://en.wikipedia.org/wiki/2026_Kerala_Legislative_Assembly_election"
kerala_2026,2026 Kerala Legislative Assembly election,2026-05-04,Kerala,140,Matrize,"{""LDF"": [60, 65], ""UDF"": [70, 75], ""NDA"": [3, 5]}","{""UDF"": 102, ""LDF"": 35, ""NDA"": 3}","Wikipedia: 2026 Kerala Legislative Assembly election, https://en.wikipedia.org/wiki/2026_Kerala_Legislative_Assembly_election"
kerala_2026,2026 Kerala Legislative Assembly election,2026-05-04,Kerala,140,People's Pulse,"{""LDF"": [55, 65], ""UDF"": [75, 85], ""NDA"": [0, 3]}","{""UDF"": 102, ""LDF"": 35, ""NDA"": 3}","Wikipedia: 2026 Kerala Legislative Assembly election, https://en.wikipedia.org/wiki/2026_Kerala_Legislative_Assembly_election"
kerala_2026,2026 Kerala Legislative Assembly election,2026-05-04,Kerala,140,People Insight,"{""LDF"": [58, 68], ""UDF"": [66, 76], ""NDA"": [10, 14]}","{""UDF"": 102, ""LDF"": 35, ""NDA"": 3}","Wikipedia: 2026 Kerala Legislative Assembly election, https://en.wikipedia.org/wiki/2026_Kerala_Legislative_Assembly_election"
kerala_2026,2026 Kerala Legislative Assembly election,2026-05-04,Kerala,140,Journo Mirror,"{""LDF"": [55, 65], ""UDF"": [65, 80], ""NDA"": [0, 5]}","{""UDF"": 102, ""LDF"": 35, ""NDA"": 3}","Wikipedia: 2026 Kerala Legislative Assembly election, https://en.wikipedia.org/wiki/2026_Kerala_Legislative_Assembly_election"
tamil_nadu_2026,2026 Tamil Nadu Legislative Assembly election,2026-05-04,Tamil Nadu,234,Agni News Agency,"{""SPA"": [169, 169], ""AIADMK+"": [64, 64], ""TVK"": [1, 1], ""Others"": [0, 0]}","{""SPA"": 73, ""AIADMK+"": 53, ""TVK"": 108, ""Others"": 0}","Wikipedia: 2026 Tamil Nadu Legislative Assembly election, https://en.wikipedia.org/wiki/2026_Tamil_Nadu_Legislative_Assembly_election"
tamil_nadu_2026,2026 Tamil Nadu Legislative Assembly election,2026-05-04,Tamil Nadu,234,Axis My India,"{""SPA"": [92, 110], ""AIADMK+"": [22, 32], ""TVK"": [98, 120], ""Others"": [0, 0]}","{""SPA"": 73, ""AIADMK+"": 53, ""TVK"": 108, ""Others"": 0}","Wikipedia: 2026 Tamil Nadu Legislative Assembly election, https://en.wikipedia.org/wiki/2026_Tamil_Nadu_Legislative_Assembly_election"
tamil_nadu_2026,2026 Tamil Nadu Legislative Assembly election,2026-05-04,Tamil Nadu,234,Chanakya Strategies,"{""SPA"": [145, 160], ""AIADMK+"": [50, 65], ""TVK"": [13, 18], ""Others"": [5, 8]}","{""SPA"": 73, ""AIADMK+"": 53, ""TVK"": 108, ""Others"": 0}","Wikipedia: 2026 Tamil Nadu Legislative Assembly election, https://en.wikipedia.org/wiki/2026_Tamil_Nadu_Legislative_Assembly_election"
tamil_nadu_2026,2026 Tamil Nadu Legislative Assembly election,2026-05-04,Tamil Nadu,234,JVC,"{""SPA"": [75, 97], ""AIADMK+"": [128, 147], ""TVK"": [8, 15], ""Others"": [0, 0]}","{""SPA"": 73, ""AIADMK+"": 53, ""TVK"": 108, ""Others"": 0}","Wikipedia: 2026 Tamil Nadu Legislative Assembly election, https://en.wikipedia.org/wiki/2026_Tamil_Nadu_Legislative_Assembly_election"
tamil_nadu_2026,2026 Tamil Nadu Legislative Assembly election,2026-05-04,Tamil Nadu,234,Kamakhya Analytics,"{""SPA"": [78, 95], ""AIADMK+"": [68, 84], ""TVK"": [67, 81], ""Others"": [0, 0]}","{""SPA"": 73, ""AIADMK+"": 53, ""TVK"": 108, ""Others"": 0}","Wikipedia: 2026 Tamil Nadu Legislative Assembly election, https://en.wikipedia.org/wiki/2026_Tamil_Nadu_Legislative_Assembly_election"
tamil_nadu_2026,2026 Tamil Nadu Legislative Assembly election,2026-05-04,Tamil Nadu,234,Matrize,"{""SPA"": [122, 132], ""AIADMK+"": [87, 110], ""TVK"": [10, 12], ""Others"": [0, 6]}","{""SPA"": 73, ""AIADMK+"": 53, ""TVK"": 108, ""Others"": 0}","Wikipedia: 2026 Tamil Nadu Legislative Assembly election, https://en.wikipedia.org/wiki/2026_Tamil_Nadu_Legislative_Assembly_election"
tamil_nadu_2026,2026 Tamil Nadu Legislative Assembly election,2026-05-04,Tamil Nadu,234,P Marq,"{""SPA"": [125, 145], ""AIADMK+"": [65, 85], ""TVK"": [16, 26], ""Others"": [1, 6]}","{""SPA"": 73, ""AIADMK+"": 53, ""TVK"": 108, ""Others"": 0}","Wikipedia: 2026 Tamil Nadu Legislative Assembly election, https://en.wikipedia.org/wiki/2026_Tamil_Nadu_Legislative_Assembly_election"
tamil_nadu_2026,2026 Tamil Nadu Legislative Assembly election,2026-05-04,Tamil Nadu,234,People Insight,"{""SPA"": [122, 140], ""AIADMK+"": [60, 70], ""TVK"": [30, 40], ""Others"": [0, 4]}","{""SPA"": 73, ""AIADMK+"": 53, ""TVK"": 108, ""Others"": 0}","Wikipedia: 2026 Tamil Nadu Legislative Assembly election, https://en.wikipedia.org/wiki/2026_Tamil_Nadu_Legislative_Assembly_election"
tamil_nadu_2026,2026 Tamil Nadu Legislative Assembly election,2026-05-04,Tamil Nadu,234,People's Pulse,"{""SPA"": [125, 145], ""AIADMK+"": [65, 80], ""TVK"": [18, 24], ""Others"": [2, 6]}","{""SPA"": 73, ""AIADMK+"": 53, ""TVK"": 108, ""Others"": 0}","Wikipedia: 2026 Tamil Nadu Legislative Assembly election, https://en.wikipedia.org/wiki/2026_Tamil_Nadu_Legislative_Assembly_election"
tamil_nadu_2026,2026 Tamil Nadu Legislative Assembly election,2026-05-04,Tamil Nadu,234,Political Laboratory,"{""SPA"": [135, 140], ""AIADMK+"": [82, 85], ""TVK"": [10, 14], ""Others"": [0, 0]}","{""SPA"": 73, ""AIADMK+"": 53, ""TVK"": 108, ""Others"": 0}","Wikipedia: 2026 Tamil Nadu Legislative Assembly election, https://en.wikipedia.org/wiki/2026_Tamil_Nadu_Legislative_Assembly_election"
tamil_nadu_2026,2026 Tamil Nadu Legislative Assembly election,2026-05-04,Tamil Nadu,234,Praja Poll,"{""SPA"": [148, 168], ""AIADMK+"": [61, 81], ""TVK"": [0, 0], ""Others"": [0, 0]}","{""SPA"": 73, ""AIADMK+"": 53, ""TVK"": 108, ""Others"": 0}","Wikipedia: 2026 Tamil Nadu Legislative Assembly election, https://en.wikipedia.org/wiki/2026_Tamil_Nadu_Legislative_Assembly_election"
tamil_nadu_2026,2026 Tamil Nadu Legislative Assembly election,2026-05-04,Tamil Nadu,234,Spick Media,"{""SPA"": [89, 101], ""AIADMK+"": [124, 127], ""TVK"": [4, 6], ""Others"": [0, 0]}","{""SPA"": 73, ""AIADMK+"": 53, ""TVK"": 108, ""Others"": 0}","Wikipedia: 2026 Tamil Nadu Legislative Assembly election, https://en.wikipedia.org/wiki/2026_Tamil_Nadu_Legislative_Assembly_election"
tamil_nadu_2026,2026 Tamil Nadu Legislative Assembly election,2026-05-04,Tamil Nadu,234,Today's Chanakya,"{""SPA"": [114, 136], ""AIADMK+"": [34, 56], ""TVK"": [52, 74], ""Others"": [0, 2]}","{""SPA"": 73, ""AIADMK+"": 53, ""TVK"": 108, ""Others"": 0}","Wikipedia: 2026 Tamil Nadu Legislative Assembly election, https://en.wikipedia.org/wiki/2026_Tamil_Nadu_Legislative_Assembly_election"
tamil_nadu_2026,2026 Tamil Nadu Legislative Assembly election,2026-05-04,Tamil Nadu,234,Vote Vibe,"{""SPA"": [103, 113], ""AIADMK+"": [114, 124], ""TVK"": [4, 10], ""Others"": [0, 0]}","{""SPA"": 73, ""AIADMK+"": 53, ""TVK"": 108, ""Others"": 0}","Wikipedia: 2026 Tamil Nadu Legislative Assembly election, https://en.wikipedia.org/wiki/2026_Tamil_Nadu_Legislative_Assembly_election"
tamil_nadu_2026,2026 Tamil Nadu Legislative Assembly election,2026-05-04,Tamil Nadu,234,Minnambalam,"{""SPA"": [155, 155], ""AIADMK+"": [72, 72], ""TVK"": [5, 5], ""Others"": [0, 0]}","{""SPA"": 73, ""AIADMK+"": 53, ""TVK"": 108, ""Others"": 0}","Wikipedia: 2026 Tamil Nadu Legislative Assembly election, https://en.wikipedia.org/wiki/2026_Tamil_Nadu_Legislative_Assembly_election"
puducherry_2026,2026 Puducherry Legislative Assembly election,2026-05-04,Puducherry,30,Axis My India,"{""NDA"": [16, 20], ""SPA"": [6, 8], ""TVK+"": [2, 4], ""Others"": [1, 3]}","{""NDA"": 18, ""SPA"": 6, ""TVK+"": 3, ""Others"": 3}","Wikipedia: 2026 Puducherry Legislative Assembly election, https://en.wikipedia.org/wiki/2026_Puducherry_Legislative_Assembly_election"
puducherry_2026,2026 Puducherry Legislative Assembly election,2026-05-04,Puducherry,30,Kamakhya Analytics,"{""NDA"": [17, 24], ""SPA"": [4, 7], ""TVK+"": [1, 7], ""Others"": [0, 1]}","{""NDA"": 18, ""SPA"": 6, ""TVK+"": 3, ""Others"": 3}","Wikipedia: 2026 Puducherry Legislative Assembly election, https://en.wikipedia.org/wiki/2026_Puducherry_Legislative_Assembly_election"
puducherry_2026,2026 Puducherry Legislative Assembly election,2026-05-04,Puducherry,30,People's Pulse,"{""NDA"": [16, 19], ""SPA"": [10, 12], ""TVK+"": [1, 3], ""Others"": [1, 2]}","{""NDA"": 18, ""SPA"": 6, ""TVK+"": 3, ""Others"": 3}","Wikipedia: 2026 Puducherry Legislative Assembly election, https://en.wikipedia.org/wiki/2026_Puducherry_Legislative_Assembly_election"
puducherry_2026,2026 Puducherry Legislative Assembly election,2026-05-04,Puducherry,30,Praja Poll,"{""NDA"": [19, 25], ""SPA"": [6, 10], ""TVK+"": [1, 6], ""Others"": [0, 0]}","{""NDA"": 18, ""SPA"": 6, ""TVK+"": 3, ""Others"": 3}","Wikipedia: 2026 Puducherry Legislative Assembly election, https://en.wikipedia.org/wiki/2026_Puducherry_Legislative_Assembly_election"
puducherry_2026,2026 Puducherry Legislative Assembly election,2026-05-04,Puducherry,30,JVC,"{""NDA"": [15, 17], ""SPA"": [11, 13], ""TVK+"": [1, 2], ""Others"": [0, 1]}","{""NDA"": 18, ""SPA"": 6, ""TVK+"": 3, ""Others"": 3}","Wikipedia: 2026 Puducherry Legislative Assembly election, https://en.wikipedia.org/wiki/2026_Puducherry_Legislative_Assembly_election"
west_bengal_2026,2026 West Bengal Legislative Assembly election,2026-05-04,West Bengal,294,P-MARQ,"{""AITC+"": [118, 138], ""BJP"": [150, 175], ""Others"": [2, 6]}","{""AITC+"": 80, ""BJP"": 208, ""Others"": 6}","Wikipedia: 2026 West Bengal Legislative Assembly election, https://en.wikipedia.org/wiki/2026_West_Bengal_Legislative_Assembly_election"
west_bengal_2026,2026 West Bengal Legislative Assembly election,2026-05-04,West Bengal,294,Matrize,"{""AITC+"": [125, 140], ""BJP"": [146, 161], ""Others"": [6, 10]}","{""AITC+"": 80, ""BJP"": 208, ""Others"": 6}","Wikipedia: 2026 West Bengal Legislative Assembly election, https://en.wikipedia.org/wiki/2026_West_Bengal_Legislative_Assembly_election"
west_bengal_2026,2026 West Bengal Legislative Assembly election,2026-05-04,West Bengal,294,Chanakya Strategies,"{""AITC+"": [130, 140], ""BJP"": [150, 160], ""Others"": [6, 10]}","{""AITC+"": 80, ""BJP"": 208, ""Others"": 6}","Wikipedia: 2026 West Bengal Legislative Assembly election, https://en.wikipedia.org/wiki/2026_West_Bengal_Legislative_Assembly_election"
west_bengal_2026,2026 West Bengal Legislative Assembly election,2026-05-04,West Bengal,294,People's Pulse,"{""AITC+"": [177, 187], ""BJP"": [95, 110], ""Others"": [0, 2]}","{""AITC+"": 80, ""BJP"": 208, ""Others"": 6}","Wikipedia: 2026 West Bengal Legislative Assembly election, https://en.wikipedia.org/wiki/2026_West_Bengal_Legislative_Assembly_election"
west_bengal_2026,2026 West Bengal Legislative Assembly election,2026-05-04,West Bengal,294,JVC,"{""AITC+"": [131, 152], ""BJP"": [138, 159], ""Others"": [0, 2]}","{""AITC+"": 80, ""BJP"": 208, ""Others"": 6}","Wikipedia: 2026 West Bengal Legislative Assembly election, https://en.wikipedia.org/wiki/2026_West_Bengal_Legislative_Assembly_election"
west_bengal_2026,2026 West Bengal Legislative Assembly election,2026-05-04,West Bengal,294,Poll Diary,"{""AITC+"": [99, 127], ""BJP"": [142, 171], ""Others"": [5, 9]}","{""AITC+"": 80, ""BJP"": 208, ""Others"": 6}","Wikipedia: 2026 West Bengal Legislative Assembly election, https://en.wikipedia.org/wiki/2026_West_Bengal_Legislative_Assembly_election"
west_bengal_2026,2026 West Bengal Legislative Assembly election,2026-05-04,West Bengal,294,Praja Poll,"{""AITC+"": [85, 110], ""BJP"": [178, 208], ""Others"": [0, 5]}","{""AITC+"": 80, ""BJP"": 208, ""Others"": 6}","Wikipedia: 2026 West Bengal Legislative Assembly election, https://en.wikipedia.org/wiki/2026_West_Bengal_Legislative_Assembly_election"
west_bengal_2026,2026 West Bengal Legislative Assembly election,2026-05-04,West Bengal,294,People's Insight,"{""AITC+"": [138, 150], ""BJP"": [144, 154], ""Others"": [0, 2]}","{""AITC+"": 80, ""BJP"": 208, ""Others"": 6}","Wikipedia: 2026 West Bengal Legislative Assembly election, https://en.wikipedia.org/wiki/2026_West_Bengal_Legislative_Assembly_election"
west_bengal_2026,2026 West Bengal Legislative Assembly election,2026-05-04,West Bengal,294,Today's Chanakya,"{""AITC+"": [89, 111], ""BJP"": [181, 203], ""Others"": [0, 4]}","{""AITC+"": 80, ""BJP"": 208, ""Others"": 6}","Wikipedia: 2026 West Bengal Legislative Assembly election, https://en.wikipedia.org/wiki/2026_West_Bengal_Legislative_Assembly_election"
west_bengal_2026,2026 West Bengal Legislative Assembly election,2026-05-04,West Bengal,294,CNN-News18 - VoteVibe,"{""AITC+"": [127, 147], ""BJP"": [143, 163], ""Others"": [0, 6]}","{""AITC+"": 80, ""BJP"": 208, ""Others"": 6}","Wikipedia: 2026 West Bengal Legislative Assembly election, https://en.wikipedia.org/wiki/2026_West_Bengal_Legislative_Assembly_election"
delhi_2025,2025 Delhi Legislative Assembly election,2025-02-08,Delhi,70,Matrize,"{""AAP"": [32, 37], ""NDA"": [35, 40], ""INC"": [0, 1], ""Others"": [0, 0]}","{""AAP"": 22, ""NDA"": 48, ""INC"": 0, ""Others"": 0}","Wikipedia: 2025 Delhi Legislative Assembly election, https://en.wikipedia.org/wiki/2025_Delhi_Legislative_Assembly_election"
delhi_2025,2025 Delhi Legislative Assembly election,2025-02-08,Delhi,70,P-Marq,"{""AAP"": [21, 31], ""NDA"": [39, 49], ""INC"": [0, 1], ""Others"": [0, 0]}","{""AAP"": 22, ""NDA"": 48, ""INC"": 0, ""Others"": 0}","Wikipedia: 2025 Delhi Legislative Assembly election, https://en.wikipedia.org/wiki/2025_Delhi_Legislative_Assembly_election"
delhi_2025,2025 Delhi Legislative Assembly election,2025-02-08,Delhi,70,People's Insight,"{""AAP"": [15, 15], ""NDA"": [54, 54], ""INC"": [1, 1], ""Others"": [0, 0]}","{""AAP"": 22, ""NDA"": 48, ""INC"": 0, ""Others"": 0}","Wikipedia: 2025 Delhi Legislative Assembly election, https://en.wikipedia.org/wiki/2025_Delhi_Legislative_Assembly_election"
delhi_2025,2025 Delhi Legislative Assembly election,2025-02-08,Delhi,70,People's Pulse,"{""AAP"": [10, 19], ""NDA"": [51, 60], ""INC"": [0, 0], ""Others"": [0, 0]}","{""AAP"": 22, ""NDA"": 48, ""INC"": 0, ""Others"": 0}","Wikipedia: 2025 Delhi Legislative Assembly election, https://en.wikipedia.org/wiki/2025_Delhi_Legislative_Assembly_election"
delhi_2025,2025 Delhi Legislative Assembly election,2025-02-08,Delhi,70,Poll Diary,"{""AAP"": [18, 25], ""NDA"": [42, 50], ""INC"": [0, 2], ""Others"": [0, 0]}","{""AAP"": 22, ""NDA"": 48, ""INC"": 0, ""Others"": 0}","Wikipedia: 2025 Delhi Legislative Assembly election, https://en.wikipedia.org/wiki/2025_Delhi_Legislative_Assembly_election"
delhi_2025,2025 Delhi Legislative Assembly election,2025-02-08,Delhi,70,Chanakya Strategies,"{""AAP"": [25, 28], ""NDA"": [39, 44], ""INC"": [2, 3], ""Others"": [0, 1]}","{""AAP"": 22, ""NDA"": 48, ""INC"": 0, ""Others"": 0}","Wikipedia: 2025 Delhi Legislative Assembly election, https://en.wikipedia.org/wiki/2025_Delhi_Legislative_Assembly_election"
delhi_2025,2025 Delhi Legislative Assembly election,2025-02-08,Delhi,70,DV Research,"{""AAP"": [26, 34], ""NDA"": [36, 44], ""INC"": [0, 0], ""Others"": [0, 0]}","{""AAP"": 22, ""NDA"": 48, ""INC"": 0, ""Others"": 0}","Wikipedia: 2025 Delhi Legislative Assembly election, https://en.wikipedia.org/wiki/2025_Delhi_Legislative_Assembly_election"
delhi_2025,2025 Delhi Legislative Assembly election,2025-02-08,Delhi,70,JVC,"{""AAP"": [22, 31], ""NDA"": [39, 45], ""INC"": [0, 2], ""Others"": [0, 0]}","{""AAP"": 22, ""NDA"": 48, ""INC"": 0, ""Others"": 0}","Wikipedia: 2025 Delhi Legislative Assembly election, https://en.wikipedia.org/wiki/2025_Delhi_Legislative_Assembly_election"
delhi_2025,2025 Delhi Legislative Assembly election,2025-02-08,Delhi,70,Mind Brink,"{""AAP"": [44, 49], ""NDA"": [21, 25], ""INC"": [0, 1], ""Others"": [0, 0]}","{""AAP"": 22, ""NDA"": 48, ""INC"": 0, ""Others"": 0}","Wikipedia: 2025 Delhi Legislative Assembly election, https://en.wikipedia.org/wiki/2025_Delhi_Legislative_Assembly_election"
delhi_2025,2025 Delhi Legislative Assembly election,2025-02-08,Delhi,70,Weepreside,"{""AAP"": [46, 52], ""NDA"": [18, 23], ""INC"": [0, 1], ""Others"": [0, 0]}","{""AAP"": 22, ""NDA"": 48, ""INC"": 0, ""Others"": 0}","Wikipedia: 2025 Delhi Legislative Assembly election, https://en.wikipedia.org/wiki/2025_Delhi_Legislative_Assembly_election"
delhi_2025,2025 Delhi Legislative Assembly election,2025-02-08,Delhi,70,SAS Group,"{""AAP"": [27, 30], ""NDA"": [38, 41], ""INC"": [1, 3], ""Others"": [0, 0]}","{""AAP"": 22, ""NDA"": 48, ""INC"": 0, ""Others"": 0}","Wikipedia: 2025 Delhi Legislative Assembly election, https://en.wikipedia.org/wiki/2025_Delhi_Legislative_Assembly_election"
delhi_2025,2025 Delhi Legislative Assembly election,2025-02-08,Delhi,70,Superbo-Poll,"{""AAP"": [38, 43], ""NDA"": [20, 25], ""INC"": [7, 12], ""Others"": [0, 0]}","{""AAP"": 22, ""NDA"": 48, ""INC"": 0, ""Others"": 0}","Wikipedia: 2025 Delhi Legislative Assembly election, https://en.wikipedia.org/wiki/2025_Delhi_Legislative_Assembly_election"
delhi_2025,2025 Delhi Legislative Assembly election,2025-02-08,Delhi,70,Axis My India,"{""AAP"": [15, 25], ""NDA"": [45, 55], ""INC"": [0, 1], ""Others"": [0, 0]}","{""AAP"": 22, ""NDA"": 48, ""INC"": 0, ""Others"": 0}","Wikipedia: 2025 Delhi Legislative Assembly election, https://en.wikipedia.org/wiki/2025_Delhi_Legislative_Assembly_election"
delhi_2025,2025 Delhi Legislative Assembly election,2025-02-08,Delhi,70,CNX,"{""AAP"": [10, 19], ""NDA"": [49, 61], ""INC"": [0, 1], ""Others"": [0, 0]}","{""AAP"": 22, ""NDA"": 48, ""INC"": 0, ""Others"": 0}","Wikipedia: 2025 Delhi Legislative Assembly election, https://en.wikipedia.org/wiki/2025_Delhi_Legislative_Assembly_election"
delhi_2025,2025 Delhi Legislative Assembly election,2025-02-08,Delhi,70,Today's Chanakya,"{""AAP"": [13, 25], ""NDA"": [45, 57], ""INC"": [0, 1], ""Others"": [0, 3]}","{""AAP"": 22, ""NDA"": 48, ""INC"": 0, ""Others"": 0}","Wikipedia: 2025 Delhi Legislative Assembly election, https://en.wikipedia.org/wiki/2025_Delhi_Legislative_Assembly_election"
maharashtra_2024,2024 Maharashtra Legislative Assembly election,2024-11-23,Maharashtra,288,P-MARQ,"{""Maha Yuti"": [147, 157], ""MVA"": [106, 146], ""Others"": [2, 8]}","{""Maha Yuti"": 235, ""MVA"": 50, ""Others"": 3}","Wikipedia: 2024 Maharashtra Legislative Assembly election, https://en.wikipedia.org/wiki/2024_Maharashtra_Legislative_Assembly_election"
maharashtra_2024,2024 Maharashtra Legislative Assembly election,2024-11-23,Maharashtra,288,People's Pulse,"{""Maha Yuti"": [175, 195], ""MVA"": [85, 112], ""Others"": [7, 12]}","{""Maha Yuti"": 235, ""MVA"": 50, ""Others"": 3}","Wikipedia: 2024 Maharashtra Legislative Assembly election, https://en.wikipedia.org/wiki/2024_Maharashtra_Legislative_Assembly_election"
maharashtra_2024,2024 Maharashtra Legislative Assembly election,2024-11-23,Maharashtra,288,Matrize,"{""Maha Yuti"": [150, 170], ""MVA"": [110, 130], ""Others"": [8, 10]}","{""Maha Yuti"": 235, ""MVA"": 50, ""Others"": 3}","Wikipedia: 2024 Maharashtra Legislative Assembly election, https://en.wikipedia.org/wiki/2024_Maharashtra_Legislative_Assembly_election"
maharashtra_2024,2024 Maharashtra Legislative Assembly election,2024-11-23,Maharashtra,288,Lokshahi-Marathi Rudra,"{""Maha Yuti"": [148, 162], ""MVA"": [105, 120], ""Others"": [18, 23]}","{""Maha Yuti"": 235, ""MVA"": 50, ""Others"": 3}","Wikipedia: 2024 Maharashtra Legislative Assembly election, https://en.wikipedia.org/wiki/2024_Maharashtra_Legislative_Assembly_election"
maharashtra_2024,2024 Maharashtra Legislative Assembly election,2024-11-23,Maharashtra,288,JVC,"{""Maha Yuti"": [150, 167], ""MVA"": [107, 125], ""Others"": [13, 14]}","{""Maha Yuti"": 235, ""MVA"": 50, ""Others"": 3}","Wikipedia: 2024 Maharashtra Legislative Assembly election, https://en.wikipedia.org/wiki/2024_Maharashtra_Legislative_Assembly_election"
maharashtra_2024,2024 Maharashtra Legislative Assembly election,2024-11-23,Maharashtra,288,Today's Chanakya,"{""Maha Yuti"": [164, 186], ""MVA"": [89, 111], ""Others"": [8, 18]}","{""Maha Yuti"": 235, ""MVA"": 50, ""Others"": 3}","Wikipedia: 2024 Maharashtra Legislative Assembly election, https://en.wikipedia.org/wiki/2024_Maharashtra_Legislative_Assembly_election"
maharashtra_2024,2024 Maharashtra Legislative Assembly election,2024-11-23,Maharashtra,288,Dainik Bhaskar,"{""Maha Yuti"": [125, 140], ""MVA"": [135, 150], ""Others"": [20, 25]}","{""Maha Yuti"": 235, ""MVA"": 50, ""Others"": 3}","Wikipedia: 2024 Maharashtra Legislative Assembly election, https://en.wikipedia.org/wiki/2024_Maharashtra_Legislative_Assembly_election"
maharashtra_2024,2024 Maharashtra Legislative Assembly election,2024-11-23,Maharashtra,288,KK Survey and Strategies,"{""Maha Yuti"": [225, 225], ""MVA"": [56, 56], ""Others"": [7, 7]}","{""Maha Yuti"": 235, ""MVA"": 50, ""Others"": 3}","Wikipedia: 2024 Maharashtra Legislative Assembly election, https://en.wikipedia.org/wiki/2024_Maharashtra_Legislative_Assembly_election"
maharashtra_2024,2024 Maharashtra Legislative Assembly election,2024-11-23,Maharashtra,288,Electoral Edge,"{""Maha Yuti"": [148, 148], ""MVA"": [150, 150], ""Others"": [20, 20]}","{""Maha Yuti"": 235, ""MVA"": 50, ""Others"": 3}","Wikipedia: 2024 Maharashtra Legislative Assembly election, https://en.wikipedia.org/wiki/2024_Maharashtra_Legislative_Assembly_election"
maharashtra_2024,2024 Maharashtra Legislative Assembly election,2024-11-23,Maharashtra,288,Poll Diary,"{""Maha Yuti"": [122, 186], ""MVA"": [69, 121], ""Others"": [10, 27]}","{""Maha Yuti"": 235, ""MVA"": 50, ""Others"": 3}","Wikipedia: 2024 Maharashtra Legislative Assembly election, https://en.wikipedia.org/wiki/2024_Maharashtra_Legislative_Assembly_election"
maharashtra_2024,2024 Maharashtra Legislative Assembly election,2024-11-23,Maharashtra,288,People's Insight,"{""Maha Yuti"": [213, 213], ""MVA"": [60, 60], ""Others"": [15, 15]}","{""Maha Yuti"": 235, ""MVA"": 50, ""Others"": 3}","Wikipedia: 2024 Maharashtra Legislative Assembly election, https://en.wikipedia.org/wiki/2024_Maharashtra_Legislative_Assembly_election"
maharashtra_2024,2024 Maharashtra Legislative Assembly election,2024-11-23,Maharashtra,288,Axis My India,"{""Maha Yuti"": [178, 200], ""MVA"": [82, 102], ""Others"": [6, 12]}","{""Maha Yuti"": 235, ""MVA"": 50, ""Others"": 3}","Wikipedia: 2024 Maharashtra Legislative Assembly election, https://en.wikipedia.org/wiki/2024_Maharashtra_Legislative_Assembly_election"
maharashtra_2024,2024 Maharashtra Legislative Assembly election,2024-11-23,Maharashtra,288,CNX,"{""Maha Yuti"": [160, 179], ""MVA"": [100, 119], ""Others"": [6, 12]}","{""Maha Yuti"": 235, ""MVA"": 50, ""Others"": 3}","Wikipedia: 2024 Maharashtra Legislative Assembly election, https://en.wikipedia.org/wiki/2024_Maharashtra_Legislative_Assembly_election"
jharkhand_2024,2024 Jharkhand Legislative Assembly election,2024-11-23,Jharkhand,81,Axis My India,"{""NDA"": [17, 27], ""MGB"": [49, 59], ""Others"": [1, 6]}","{""MGB"": 56, ""NDA"": 24, ""Others"": 1}","Wikipedia: 2024 Jharkhand Legislative Assembly election, https://en.wikipedia.org/wiki/2024_Jharkhand_Legislative_Assembly_election"
jharkhand_2024,2024 Jharkhand Legislative Assembly election,2024-11-23,Jharkhand,81,People's Insight,"{""NDA"": [42, 42], ""MGB"": [33, 33], ""Others"": [6, 6]}","{""MGB"": 56, ""NDA"": 24, ""Others"": 1}","Wikipedia: 2024 Jharkhand Legislative Assembly election, https://en.wikipedia.org/wiki/2024_Jharkhand_Legislative_Assembly_election"
jharkhand_2024,2024 Jharkhand Legislative Assembly election,2024-11-23,Jharkhand,81,Chanakya Strategies,"{""NDA"": [45, 50], ""MGB"": [35, 38], ""Others"": [3, 5]}","{""MGB"": 56, ""NDA"": 24, ""Others"": 1}","Wikipedia: 2024 Jharkhand Legislative Assembly election, https://en.wikipedia.org/wiki/2024_Jharkhand_Legislative_Assembly_election"
jharkhand_2024,2024 Jharkhand Legislative Assembly election,2024-11-23,Jharkhand,81,Dainik Bhaskar,"{""NDA"": [37, 40], ""MGB"": [36, 39], ""Others"": [0, 2]}","{""MGB"": 56, ""NDA"": 24, ""Others"": 1}","Wikipedia: 2024 Jharkhand Legislative Assembly election, https://en.wikipedia.org/wiki/2024_Jharkhand_Legislative_Assembly_election"
jharkhand_2024,2024 Jharkhand Legislative Assembly election,2024-11-23,Jharkhand,81,Electoral Edge,"{""NDA"": [32, 32], ""MGB"": [42, 42], ""Others"": [7, 7]}","{""MGB"": 56, ""NDA"": 24, ""Others"": 1}","Wikipedia: 2024 Jharkhand Legislative Assembly election, https://en.wikipedia.org/wiki/2024_Jharkhand_Legislative_Assembly_election"
jharkhand_2024,2024 Jharkhand Legislative Assembly election,2024-11-23,Jharkhand,81,Matrize,"{""NDA"": [42, 47], ""MGB"": [25, 30], ""Others"": [1, 4]}","{""MGB"": 56, ""NDA"": 24, ""Others"": 1}","Wikipedia: 2024 Jharkhand Legislative Assembly election, https://en.wikipedia.org/wiki/2024_Jharkhand_Legislative_Assembly_election"
jharkhand_2024,2024 Jharkhand Legislative Assembly election,2024-11-23,Jharkhand,81,P-Marq,"{""NDA"": [31, 40], ""MGB"": [37, 47], ""Others"": [6, 8]}","{""MGB"": 56, ""NDA"": 24, ""Others"": 1}","Wikipedia: 2024 Jharkhand Legislative Assembly election, https://en.wikipedia.org/wiki/2024_Jharkhand_Legislative_Assembly_election"
jharkhand_2024,2024 Jharkhand Legislative Assembly election,2024-11-23,Jharkhand,81,Times Now - JVC,"{""NDA"": [40, 44], ""MGB"": [30, 40], ""Others"": [1, 1]}","{""MGB"": 56, ""NDA"": 24, ""Others"": 1}","Wikipedia: 2024 Jharkhand Legislative Assembly election, https://en.wikipedia.org/wiki/2024_Jharkhand_Legislative_Assembly_election"
jharkhand_2024,2024 Jharkhand Legislative Assembly election,2024-11-23,Jharkhand,81,People's Pulse,"{""NDA"": [44, 53], ""MGB"": [25, 37], ""Others"": [5, 9]}","{""MGB"": 56, ""NDA"": 24, ""Others"": 1}","Wikipedia: 2024 Jharkhand Legislative Assembly election, https://en.wikipedia.org/wiki/2024_Jharkhand_Legislative_Assembly_election"
haryana_2024,2024 Haryana Legislative Assembly election,2024-10-08,Haryana,90,Dainik Bhaskar,"{""BJP"": [19, 29], ""INDIA"": [44, 54], ""Others"": [1, 6]}","{""BJP"": 48, ""INDIA"": 37, ""Others"": 5}","Wikipedia: 2024 Haryana Legislative Assembly election, https://en.wikipedia.org/wiki/2024_Haryana_Legislative_Assembly_election"
haryana_2024,2024 Haryana Legislative Assembly election,2024-10-08,Haryana,90,People's Insight,"{""BJP"": [53, 53], ""INDIA"": [31, 31], ""Others"": [6, 6]}","{""BJP"": 48, ""INDIA"": 37, ""Others"": 5}","Wikipedia: 2024 Haryana Legislative Assembly election, https://en.wikipedia.org/wiki/2024_Haryana_Legislative_Assembly_election"
haryana_2024,2024 Haryana Legislative Assembly election,2024-10-08,Haryana,90,DHRUV,"{""BJP"": [27, 27], ""INDIA"": [57, 57], ""Others"": [6, 6]}","{""BJP"": 48, ""INDIA"": 37, ""Others"": 5}","Wikipedia: 2024 Haryana Legislative Assembly election, https://en.wikipedia.org/wiki/2024_Haryana_Legislative_Assembly_election"
haryana_2024,2024 Haryana Legislative Assembly election,2024-10-08,Haryana,90,Matrize,"{""BJP"": [18, 24], ""INDIA"": [55, 62], ""Others"": [5, 14]}","{""BJP"": 48, ""INDIA"": 37, ""Others"": 5}","Wikipedia: 2024 Haryana Legislative Assembly election, https://en.wikipedia.org/wiki/2024_Haryana_Legislative_Assembly_election"
haryana_2024,2024 Haryana Legislative Assembly election,2024-10-08,Haryana,90,CVoter,"{""BJP"": [20, 28], ""INDIA"": [50, 58], ""Others"": [10, 16]}","{""BJP"": 48, ""INDIA"": 37, ""Others"": 5}","Wikipedia: 2024 Haryana Legislative Assembly election, https://en.wikipedia.org/wiki/2024_Haryana_Legislative_Assembly_election"
haryana_2024,2024 Haryana Legislative Assembly election,2024-10-08,Haryana,90,Politique Marquer,"{""BJP"": [31, 31], ""INDIA"": [56, 56], ""Others"": [3, 3]}","{""BJP"": 48, ""INDIA"": 37, ""Others"": 5}","Wikipedia: 2024 Haryana Legislative Assembly election, https://en.wikipedia.org/wiki/2024_Haryana_Legislative_Assembly_election"
haryana_2024,2024 Haryana Legislative Assembly election,2024-10-08,Haryana,90,People's Pulse,"{""BJP"": [20, 32], ""INDIA"": [49, 61], ""Others"": [5, 9]}","{""BJP"": 48, ""INDIA"": 37, ""Others"": 5}","Wikipedia: 2024 Haryana Legislative Assembly election, https://en.wikipedia.org/wiki/2024_Haryana_Legislative_Assembly_election"
jammu_kashmir_2024,2024 Jammu and Kashmir Legislative Assembly election,2024-10-08,Jammu and Kashmir,90,CVoter,"{""INDIA"": [40, 48], ""BJP"": [27, 32], ""JKPDP"": [6, 12], ""Others"": [6, 11]}","{""INDIA"": 49, ""BJP"": 29, ""JKPDP"": 3, ""Others"": 9}","Wikipedia: 2024 Jammu and Kashmir Legislative Assembly election, https://en.wikipedia.org/wiki/2024_Jammu_and_Kashmir_Legislative_Assembly_election"
jammu_kashmir_2024,2024 Jammu and Kashmir Legislative Assembly election,2024-10-08,Jammu and Kashmir,90,People's Pulse,"{""INDIA"": [46, 50], ""BJP"": [23, 27], ""JKPDP"": [7, 11], ""Others"": [4, 6]}","{""INDIA"": 49, ""BJP"": 29, ""JKPDP"": 3, ""Others"": 9}","Wikipedia: 2024 Jammu and Kashmir Legislative Assembly election, https://en.wikipedia.org/wiki/2024_Jammu_and_Kashmir_Legislative_Assembly_election"
jammu_kashmir_2024,2024 Jammu and Kashmir Legislative Assembly election,2024-10-08,Jammu and Kashmir,90,Axis My India,"{""INDIA"": [35, 45], ""BJP"": [24, 34], ""JKPDP"": [4, 6], ""Others"": [8, 23]}","{""INDIA"": 49, ""BJP"": 29, ""JKPDP"": 3, ""Others"": 9}","Wikipedia: 2024 Jammu and Kashmir Legislative Assembly election, https://en.wikipedia.org/wiki/2024_Jammu_and_Kashmir_Legislative_Assembly_election"
jammu_kashmir_2024,2024 Jammu and Kashmir Legislative Assembly election,2024-10-08,Jammu and Kashmir,90,Gulistan News,"{""INDIA"": [31, 36], ""BJP"": [28, 30], ""JKPDP"": [5, 7], ""Others"": [6, 16]}","{""INDIA"": 49, ""BJP"": 29, ""JKPDP"": 3, ""Others"": 9}","Wikipedia: 2024 Jammu and Kashmir Legislative Assembly election, https://en.wikipedia.org/wiki/2024_Jammu_and_Kashmir_Legislative_Assembly_election"
andhra_pradesh_2024,2024 Andhra Pradesh Legislative Assembly election,2024-06-04,Andhra Pradesh,175,KK Surveys and Strategies,"{""YSRCP"": [14, 14], ""Kutami"": [161, 161], ""INDIA"": [0, 0]}","{""Kutami"": 164, ""YSRCP"": 11, ""INDIA"": 0}","Wikipedia: 2024 Andhra Pradesh Legislative Assembly election, https://en.wikipedia.org/wiki/2024_Andhra_Pradesh_Legislative_Assembly_election"
andhra_pradesh_2024,2024 Andhra Pradesh Legislative Assembly election,2024-06-04,Andhra Pradesh,175,RISE,"{""YSRCP"": [58, 58], ""Kutami"": [115, 115], ""INDIA"": [1, 1]}","{""Kutami"": 164, ""YSRCP"": 11, ""INDIA"": 0}","Wikipedia: 2024 Andhra Pradesh Legislative Assembly election, https://en.wikipedia.org/wiki/2024_Andhra_Pradesh_Legislative_Assembly_election"
andhra_pradesh_2024,2024 Andhra Pradesh Legislative Assembly election,2024-06-04,Andhra Pradesh,175,People's Pulse,"{""YSRCP"": [45, 60], ""Kutami"": [111, 135], ""INDIA"": [0, 0]}","{""Kutami"": 164, ""YSRCP"": 11, ""INDIA"": 0}","Wikipedia: 2024 Andhra Pradesh Legislative Assembly election, https://en.wikipedia.org/wiki/2024_Andhra_Pradesh_Legislative_Assembly_election"
andhra_pradesh_2024,2024 Andhra Pradesh Legislative Assembly election,2024-06-04,Andhra Pradesh,175,Axis My India,"{""YSRCP"": [55, 77], ""Kutami"": [98, 120], ""INDIA"": [0, 2]}","{""Kutami"": 164, ""YSRCP"": 11, ""INDIA"": 0}","Wikipedia: 2024 Andhra Pradesh Legislative Assembly election, https://en.wikipedia.org/wiki/2024_Andhra_Pradesh_Legislative_Assembly_election"
andhra_pradesh_2024,2024 Andhra Pradesh Legislative Assembly election,2024-06-04,Andhra Pradesh,175,AARA,"{""YSRCP"": [94, 104], ""Kutami"": [71, 81], ""INDIA"": [0, 0]}","{""Kutami"": 164, ""YSRCP"": 11, ""INDIA"": 0}","Wikipedia: 2024 Andhra Pradesh Legislative Assembly election, https://en.wikipedia.org/wiki/2024_Andhra_Pradesh_Legislative_Assembly_election"
andhra_pradesh_2024,2024 Andhra Pradesh Legislative Assembly election,2024-06-04,Andhra Pradesh,175,ETG,"{""YSRCP"": [117, 125], ""Kutami"": [50, 58], ""INDIA"": [0, 0]}","{""Kutami"": 164, ""YSRCP"": 11, ""INDIA"": 0}","Wikipedia: 2024 Andhra Pradesh Legislative Assembly election, https://en.wikipedia.org/wiki/2024_Andhra_Pradesh_Legislative_Assembly_election"
odisha_2024,2024 Odisha Legislative Assembly election,2024-06-04,Odisha,147,Axis My India,"{""BJP"": [62, 80], ""BJD"": [62, 80], ""INC"": [5, 8]}","{""BJP"": 78, ""BJD"": 51, ""INC"": 14, ""Others"": 4}","Wikipedia: 2024 Odisha Legislative Assembly election, https://en.wikipedia.org/wiki/2024_Odisha_Legislative_Assembly_election"
odisha_2024,2024 Odisha Legislative Assembly election,2024-06-04,Odisha,147,ETG,"{""BJP"": [30, 38], ""BJD"": [100, 115], ""INC"": [4, 7]}","{""BJP"": 78, ""BJD"": 51, ""INC"": 14, ""Others"": 4}","Wikipedia: 2024 Odisha Legislative Assembly election, https://en.wikipedia.org/wiki/2024_Odisha_Legislative_Assembly_election"
karnataka_2023,2023 Karnataka Legislative Assembly election,2023-05-13,Karnataka,224,CVoter,"{""INC"": [100, 112], ""BJP"": [83, 95], ""JD(S)"": [21, 29], ""Others"": [2, 6]}","{""INC"": 135, ""BJP"": 66, ""JD(S)"": 19, ""Others"": 4}","Wikipedia: 2023 Karnataka Legislative Assembly election, https://en.wikipedia.org/wiki/2023_Karnataka_Legislative_Assembly_election"
karnataka_2023,2023 Karnataka Legislative Assembly election,2023-05-13,Karnataka,224,Axis My India,"{""INC"": [122, 140], ""BJP"": [62, 80], ""JD(S)"": [20, 25], ""Others"": [0, 3]}","{""INC"": 135, ""BJP"": 66, ""JD(S)"": 19, ""Others"": 4}","Wikipedia: 2023 Karnataka Legislative Assembly election, https://en.wikipedia.org/wiki/2023_Karnataka_Legislative_Assembly_election"
karnataka_2023,2023 Karnataka Legislative Assembly election,2023-05-13,Karnataka,224,CNX,"{""INC"": [110, 120], ""BJP"": [80, 90], ""JD(S)"": [20, 24], ""Others"": [1, 3]}","{""INC"": 135, ""BJP"": 66, ""JD(S)"": 19, ""Others"": 4}","Wikipedia: 2023 Karnataka Legislative Assembly election, https://en.wikipedia.org/wiki/2023_Karnataka_Legislative_Assembly_election"
karnataka_2023,2023 Karnataka Legislative Assembly election,2023-05-13,Karnataka,224,Today's Chanakya,"{""INC"": [120, 120], ""BJP"": [92, 92], ""JD(S)"": [12, 12], ""Others"": [0, 0]}","{""INC"": 135, ""BJP"": 66, ""JD(S)"": 19, ""Others"": 4}","Wikipedia: 2023 Karnataka Legislative Assembly election, https://en.wikipedia.org/wiki/2023_Karnataka_Legislative_Assembly_election"
karnataka_2023,2023 Karnataka Legislative Assembly election,2023-05-13,Karnataka,224,People's Insight,"{""INC"": [108, 108], ""BJP"": [98, 98], ""JD(S)"": [18, 18], ""Others"": [0, 0]}","{""INC"": 135, ""BJP"": 66, ""JD(S)"": 19, ""Others"": 4}","Wikipedia: 2023 Karnataka Legislative Assembly election, https://en.wikipedia.org/wiki/2023_Karnataka_Legislative_Assembly_election"
karnataka_2023,2023 Karnataka Legislative Assembly election,2023-05-13,Karnataka,224,News Nation-CGS,"{""INC"": [86, 86], ""BJP"": [114, 114], ""JD(S)"": [21, 21], ""Others"": [3, 3]}","{""INC"": 135, ""BJP"": 66, ""JD(S)"": 19, ""Others"": 4}","Wikipedia: 2023 Karnataka Legislative Assembly election, https://en.wikipedia.org/wiki/2023_Karnataka_Legislative_Assembly_election"
karnataka_2023,2023 Karnataka Legislative Assembly election,2023-05-13,Karnataka,224,P-Marq,"{""INC"": [94, 108], ""BJP"": [85, 100], ""JD(S)"": [24, 32], ""Others"": [2, 6]}","{""INC"": 135, ""BJP"": 66, ""JD(S)"": 19, ""Others"": 4}","Wikipedia: 2023 Karnataka Legislative Assembly election, https://en.wikipedia.org/wiki/2023_Karnataka_Legislative_Assembly_election"
karnataka_2023,2023 Karnataka Legislative Assembly election,2023-05-13,Karnataka,224,Jan Ki Baat,"{""INC"": [91, 106], ""BJP"": [94, 117], ""JD(S)"": [14, 24], ""Others"": [0, 2]}","{""INC"": 135, ""BJP"": 66, ""JD(S)"": 19, ""Others"": 4}","Wikipedia: 2023 Karnataka Legislative Assembly election, https://en.wikipedia.org/wiki/2023_Karnataka_Legislative_Assembly_election"
karnataka_2023,2023 Karnataka Legislative Assembly election,2023-05-13,Karnataka,224,ETG,"{""INC"": [113, 113], ""BJP"": [85, 85], ""JD(S)"": [23, 23], ""Others"": [3, 3]}","{""INC"": 135, ""BJP"": 66, ""JD(S)"": 19, ""Others"": 4}","Wikipedia: 2023 Karnataka Legislative Assembly election, https://en.wikipedia.org/wiki/2023_Karnataka_Legislative_Assembly_election"
karnataka_2023,2023 Karnataka Legislative Assembly election,2023-05-13,Karnataka,224,Polstrat,"{""INC"": [99, 109], ""BJP"": [88, 98], ""JD(S)"": [21, 26], ""Others"": [0, 4]}","{""INC"": 135, ""BJP"": 66, ""JD(S)"": 19, ""Others"": 4}","Wikipedia: 2023 Karnataka Legislative Assembly election, https://en.wikipedia.org/wiki/2023_Karnataka_Legislative_Assembly_election"
karnataka_2023,2023 Karnataka Legislative Assembly election,2023-05-13,Karnataka,224,Matrize,"{""INC"": [103, 118], ""BJP"": [79, 94], ""JD(S)"": [25, 33], ""Others"": [2, 5]}","{""INC"": 135, ""BJP"": 66, ""JD(S)"": 19, ""Others"": 4}","Wikipedia: 2023 Karnataka Legislative Assembly election, https://en.wikipedia.org/wiki/2023_Karnataka_Legislative_Assembly_election"
chhattisgarh_2023,2023 Chhattisgarh Legislative Assembly election,2023-12-03,Chhattisgarh,90,Axis My India,"{""INC"": [40, 50], ""BJP"": [36, 46], ""Others"": [1, 5]}","{""INC"": 35, ""BJP"": 54, ""Others"": 1}","Wikipedia: 2023 Chhattisgarh Legislative Assembly election, https://en.wikipedia.org/wiki/2023_Chhattisgarh_Legislative_Assembly_election"
chhattisgarh_2023,2023 Chhattisgarh Legislative Assembly election,2023-12-03,Chhattisgarh,90,CNX,"{""INC"": [46, 56], ""BJP"": [30, 40], ""Others"": [3, 5]}","{""INC"": 35, ""BJP"": 54, ""Others"": 1}","Wikipedia: 2023 Chhattisgarh Legislative Assembly election, https://en.wikipedia.org/wiki/2023_Chhattisgarh_Legislative_Assembly_election"
chhattisgarh_2023,2023 Chhattisgarh Legislative Assembly election,2023-12-03,Chhattisgarh,90,Polstrat,"{""INC"": [40, 50], ""BJP"": [35, 45], ""Others"": [0, 3]}","{""INC"": 35, ""BJP"": 54, ""Others"": 1}","Wikipedia: 2023 Chhattisgarh Legislative Assembly election, https://en.wikipedia.org/wiki/2023_Chhattisgarh_Legislative_Assembly_election"
chhattisgarh_2023,2023 Chhattisgarh Legislative Assembly election,2023-12-03,Chhattisgarh,90,CVoter,"{""INC"": [41, 53], ""BJP"": [36, 48], ""Others"": [0, 3]}","{""INC"": 35, ""BJP"": 54, ""Others"": 1}","Wikipedia: 2023 Chhattisgarh Legislative Assembly election, https://en.wikipedia.org/wiki/2023_Chhattisgarh_Legislative_Assembly_election"
chhattisgarh_2023,2023 Chhattisgarh Legislative Assembly election,2023-12-03,Chhattisgarh,90,Today's Chanakya,"{""INC"": [49, 65], ""BJP"": [25, 41], ""Others"": [0, 3]}","{""INC"": 35, ""BJP"": 54, ""Others"": 1}","Wikipedia: 2023 Chhattisgarh Legislative Assembly election, https://en.wikipedia.org/wiki/2023_Chhattisgarh_Legislative_Assembly_election"
chhattisgarh_2023,2023 Chhattisgarh Legislative Assembly election,2023-12-03,Chhattisgarh,90,People's Insight,"{""INC"": [23, 23], ""BJP"": [67, 67], ""Others"": [0, 0]}","{""INC"": 35, ""BJP"": 54, ""Others"": 1}","Wikipedia: 2023 Chhattisgarh Legislative Assembly election, https://en.wikipedia.org/wiki/2023_Chhattisgarh_Legislative_Assembly_election"
chhattisgarh_2023,2023 Chhattisgarh Legislative Assembly election,2023-12-03,Chhattisgarh,90,Matrize,"{""INC"": [44, 52], ""BJP"": [34, 42], ""Others"": [0, 2]}","{""INC"": 35, ""BJP"": 54, ""Others"": 1}","Wikipedia: 2023 Chhattisgarh Legislative Assembly election, https://en.wikipedia.org/wiki/2023_Chhattisgarh_Legislative_Assembly_election"
chhattisgarh_2023,2023 Chhattisgarh Legislative Assembly election,2023-12-03,Chhattisgarh,90,Dainik Bhaskar,"{""INC"": [46, 55], ""BJP"": [35, 45], ""Others"": [0, 10]}","{""INC"": 35, ""BJP"": 54, ""Others"": 1}","Wikipedia: 2023 Chhattisgarh Legislative Assembly election, https://en.wikipedia.org/wiki/2023_Chhattisgarh_Legislative_Assembly_election"
chhattisgarh_2023,2023 Chhattisgarh Legislative Assembly election,2023-12-03,Chhattisgarh,90,ETG,"{""INC"": [48, 56], ""BJP"": [32, 40], ""Others"": [2, 4]}","{""INC"": 35, ""BJP"": 54, ""Others"": 1}","Wikipedia: 2023 Chhattisgarh Legislative Assembly election, https://en.wikipedia.org/wiki/2023_Chhattisgarh_Legislative_Assembly_election"
chhattisgarh_2023,2023 Chhattisgarh Legislative Assembly election,2023-12-03,Chhattisgarh,90,Jan Ki Baat,"{""INC"": [42, 53], ""BJP"": [34, 45], ""Others"": [3, 3]}","{""INC"": 35, ""BJP"": 54, ""Others"": 1}","Wikipedia: 2023 Chhattisgarh Legislative Assembly election, https://en.wikipedia.org/wiki/2023_Chhattisgarh_Legislative_Assembly_election"
rajasthan_2023,2023 Rajasthan Legislative Assembly election,2023-12-03,Rajasthan,200,CVoter,"{""INC+"": [71, 91], ""BJP"": [94, 114], ""Others"": [9, 19]}","{""INC+"": 71, ""BJP"": 115, ""Others"": 14}","Wikipedia: 2023 Rajasthan Legislative Assembly election, https://en.wikipedia.org/wiki/2023_Rajasthan_Legislative_Assembly_election"
rajasthan_2023,2023 Rajasthan Legislative Assembly election,2023-12-03,Rajasthan,200,Axis My India,"{""INC+"": [86, 106], ""BJP"": [80, 100], ""Others"": [9, 18]}","{""INC+"": 71, ""BJP"": 115, ""Others"": 14}","Wikipedia: 2023 Rajasthan Legislative Assembly election, https://en.wikipedia.org/wiki/2023_Rajasthan_Legislative_Assembly_election"
rajasthan_2023,2023 Rajasthan Legislative Assembly election,2023-12-03,Rajasthan,200,Polstrat,"{""INC+"": [90, 100], ""BJP"": [100, 110], ""Others"": [5, 15]}","{""INC+"": 71, ""BJP"": 115, ""Others"": 14}","Wikipedia: 2023 Rajasthan Legislative Assembly election, https://en.wikipedia.org/wiki/2023_Rajasthan_Legislative_Assembly_election"
rajasthan_2023,2023 Rajasthan Legislative Assembly election,2023-12-03,Rajasthan,200,Matrize,"{""INC+"": [65, 75], ""BJP"": [115, 130], ""Others"": [12, 19]}","{""INC+"": 71, ""BJP"": 115, ""Others"": 14}","Wikipedia: 2023 Rajasthan Legislative Assembly election, https://en.wikipedia.org/wiki/2023_Rajasthan_Legislative_Assembly_election"
rajasthan_2023,2023 Rajasthan Legislative Assembly election,2023-12-03,Rajasthan,200,People's Insight,"{""INC+"": [79, 79], ""BJP"": [112, 112], ""Others"": [8, 8]}","{""INC+"": 71, ""BJP"": 115, ""Others"": 14}","Wikipedia: 2023 Rajasthan Legislative Assembly election, https://en.wikipedia.org/wiki/2023_Rajasthan_Legislative_Assembly_election"
rajasthan_2023,2023 Rajasthan Legislative Assembly election,2023-12-03,Rajasthan,200,ETG,"{""INC+"": [56, 72], ""BJP"": [108, 128], ""Others"": [13, 21]}","{""INC+"": 71, ""BJP"": 115, ""Others"": 14}","Wikipedia: 2023 Rajasthan Legislative Assembly election, https://en.wikipedia.org/wiki/2023_Rajasthan_Legislative_Assembly_election"
rajasthan_2023,2023 Rajasthan Legislative Assembly election,2023-12-03,Rajasthan,200,Jan Ki Baat,"{""INC+"": [62, 85], ""BJP"": [100, 122], ""Others"": [14, 15]}","{""INC+"": 71, ""BJP"": 115, ""Others"": 14}","Wikipedia: 2023 Rajasthan Legislative Assembly election, https://en.wikipedia.org/wiki/2023_Rajasthan_Legislative_Assembly_election"
rajasthan_2023,2023 Rajasthan Legislative Assembly election,2023-12-03,Rajasthan,200,CNX,"{""INC+"": [94, 104], ""BJP"": [80, 90], ""Others"": [14, 18]}","{""INC+"": 71, ""BJP"": 115, ""Others"": 14}","Wikipedia: 2023 Rajasthan Legislative Assembly election, https://en.wikipedia.org/wiki/2023_Rajasthan_Legislative_Assembly_election"
rajasthan_2023,2023 Rajasthan Legislative Assembly election,2023-12-03,Rajasthan,200,Today's Chanakya,"{""INC+"": [101, 101], ""BJP"": [89, 89], ""Others"": [9, 9]}","{""INC+"": 71, ""BJP"": 115, ""Others"": 14}","Wikipedia: 2023 Rajasthan Legislative Assembly election, https://en.wikipedia.org/wiki/2023_Rajasthan_Legislative_Assembly_election"
rajasthan_2023,2023 Rajasthan Legislative Assembly election,2023-12-03,Rajasthan,200,P-Marq,"{""INC+"": [69, 81], ""BJP"": [105, 125], ""Others"": [5, 15]}","{""INC+"": 71, ""BJP"": 115, ""Others"": 14}","CORRECTED 2026-08-11: was transcribed from Wikipedia's table as INC+ [69,91], but Republic World's own primary article (https://www.republicworld.com/elections/rajasthan-exit-poll-result-2023-live-pmarq-details-here/, published 2023-12-01) states INC+ 69-81. Corrected to match the primary source."
rajasthan_2023,2023 Rajasthan Legislative Assembly election,2023-12-03,Rajasthan,200,Dainik Bhaskar,"{""INC+"": [85, 95], ""BJP"": [98, 105], ""Others"": [10, 15]}","{""INC+"": 71, ""BJP"": 115, ""Others"": 14}","Wikipedia: 2023 Rajasthan Legislative Assembly election, https://en.wikipedia.org/wiki/2023_Rajasthan_Legislative_Assembly_election"
madhya_pradesh_2023,2023 Madhya Pradesh Legislative Assembly election,2023-12-03,Madhya Pradesh,230,Axis My India,"{""BJP"": [140, 162], ""INC"": [68, 90], ""Others"": [0, 3]}","{""BJP"": 163, ""INC"": 66, ""Others"": 1}","Wikipedia: 2023 Madhya Pradesh Legislative Assembly election, https://en.wikipedia.org/wiki/2023_Madhya_Pradesh_Legislative_Assembly_election"
madhya_pradesh_2023,2023 Madhya Pradesh Legislative Assembly election,2023-12-03,Madhya Pradesh,230,Polstrat,"{""BJP"": [106, 116], ""INC"": [111, 121], ""Others"": [0, 6]}","{""BJP"": 163, ""INC"": 66, ""Others"": 1}","Wikipedia: 2023 Madhya Pradesh Legislative Assembly election, https://en.wikipedia.org/wiki/2023_Madhya_Pradesh_Legislative_Assembly_election"
madhya_pradesh_2023,2023 Madhya Pradesh Legislative Assembly election,2023-12-03,Madhya Pradesh,230,Matrize,"{""BJP"": [118, 130], ""INC"": [97, 107], ""Others"": [0, 2]}","{""BJP"": 163, ""INC"": 66, ""Others"": 1}","Wikipedia: 2023 Madhya Pradesh Legislative Assembly election, https://en.wikipedia.org/wiki/2023_Madhya_Pradesh_Legislative_Assembly_election"
madhya_pradesh_2023,2023 Madhya Pradesh Legislative Assembly election,2023-12-03,Madhya Pradesh,230,People's Insight,"{""BJP"": [201, 201], ""INC"": [29, 29], ""Others"": [0, 0]}","{""BJP"": 163, ""INC"": 66, ""Others"": 1}","Wikipedia: 2023 Madhya Pradesh Legislative Assembly election, https://en.wikipedia.org/wiki/2023_Madhya_Pradesh_Legislative_Assembly_election"
madhya_pradesh_2023,2023 Madhya Pradesh Legislative Assembly election,2023-12-03,Madhya Pradesh,230,ETG,"{""BJP"": [105, 117], ""INC"": [109, 125], ""Others"": [1, 5]}","{""BJP"": 163, ""INC"": 66, ""Others"": 1}","Wikipedia: 2023 Madhya Pradesh Legislative Assembly election, https://en.wikipedia.org/wiki/2023_Madhya_Pradesh_Legislative_Assembly_election"
madhya_pradesh_2023,2023 Madhya Pradesh Legislative Assembly election,2023-12-03,Madhya Pradesh,230,Jan Ki Baat,"{""BJP"": [100, 123], ""INC"": [102, 125], ""Others"": [5, 5]}","{""BJP"": 163, ""INC"": 66, ""Others"": 1}","Wikipedia: 2023 Madhya Pradesh Legislative Assembly election, https://en.wikipedia.org/wiki/2023_Madhya_Pradesh_Legislative_Assembly_election"
madhya_pradesh_2023,2023 Madhya Pradesh Legislative Assembly election,2023-12-03,Madhya Pradesh,230,CVoter,"{""BJP"": [88, 112], ""INC"": [113, 137], ""Others"": [2, 8]}","{""BJP"": 163, ""INC"": 66, ""Others"": 1}","Wikipedia: 2023 Madhya Pradesh Legislative Assembly election, https://en.wikipedia.org/wiki/2023_Madhya_Pradesh_Legislative_Assembly_election"
madhya_pradesh_2023,2023 Madhya Pradesh Legislative Assembly election,2023-12-03,Madhya Pradesh,230,CNX,"{""BJP"": [140, 159], ""INC"": [70, 89], ""Others"": [0, 3]}","{""BJP"": 163, ""INC"": 66, ""Others"": 1}","Wikipedia: 2023 Madhya Pradesh Legislative Assembly election, https://en.wikipedia.org/wiki/2023_Madhya_Pradesh_Legislative_Assembly_election"
madhya_pradesh_2023,2023 Madhya Pradesh Legislative Assembly election,2023-12-03,Madhya Pradesh,230,Today's Chanakya,"{""BJP"": [139, 163], ""INC"": [62, 86], ""Others"": [1, 9]}","{""BJP"": 163, ""INC"": 66, ""Others"": 1}","Wikipedia: 2023 Madhya Pradesh Legislative Assembly election, https://en.wikipedia.org/wiki/2023_Madhya_Pradesh_Legislative_Assembly_election"
madhya_pradesh_2023,2023 Madhya Pradesh Legislative Assembly election,2023-12-03,Madhya Pradesh,230,Dainik Bhaskar,"{""BJP"": [95, 115], ""INC"": [105, 120], ""Others"": [0, 15]}","{""BJP"": 163, ""INC"": 66, ""Others"": 1}","Wikipedia: 2023 Madhya Pradesh Legislative Assembly election, https://en.wikipedia.org/wiki/2023_Madhya_Pradesh_Legislative_Assembly_election"
telangana_2023,2023 Telangana Legislative Assembly election,2023-12-03,Telangana,119,Matrize,"{""BRS"": [46, 56], ""INC+"": [58, 68], ""NDA"": [4, 9], ""Others"": [5, 7]}","{""INC+"": 65, ""BRS"": 39, ""NDA"": 8, ""Others"": 7}","Wikipedia: 2023 Telangana Legislative Assembly election, https://en.wikipedia.org/wiki/2023_Telangana_Legislative_Assembly_election"
telangana_2023,2023 Telangana Legislative Assembly election,2023-12-03,Telangana,119,Jan Ki Baat,"{""BRS"": [40, 55], ""INC+"": [48, 64], ""NDA"": [7, 13], ""Others"": [4, 7]}","{""INC+"": 65, ""BRS"": 39, ""NDA"": 8, ""Others"": 7}","Wikipedia: 2023 Telangana Legislative Assembly election, https://en.wikipedia.org/wiki/2023_Telangana_Legislative_Assembly_election"
telangana_2023,2023 Telangana Legislative Assembly election,2023-12-03,Telangana,119,CNX,"{""BRS"": [31, 47], ""INC+"": [63, 79], ""NDA"": [2, 4], ""Others"": [5, 7]}","{""INC+"": 65, ""BRS"": 39, ""NDA"": 8, ""Others"": 7}","Wikipedia: 2023 Telangana Legislative Assembly election, https://en.wikipedia.org/wiki/2023_Telangana_Legislative_Assembly_election"
telangana_2023,2023 Telangana Legislative Assembly election,2023-12-03,Telangana,119,CVoter,"{""BRS"": [38, 54], ""INC+"": [49, 65], ""NDA"": [5, 13], ""Others"": [5, 9]}","{""INC+"": 65, ""BRS"": 39, ""NDA"": 8, ""Others"": 7}","Wikipedia: 2023 Telangana Legislative Assembly election, https://en.wikipedia.org/wiki/2023_Telangana_Legislative_Assembly_election"
telangana_2023,2023 Telangana Legislative Assembly election,2023-12-03,Telangana,119,Today's Chanakya,"{""BRS"": [24, 42], ""INC+"": [62, 80], ""NDA"": [2, 12], ""Others"": [5, 11]}","{""INC+"": 65, ""BRS"": 39, ""NDA"": 8, ""Others"": 7}","Wikipedia: 2023 Telangana Legislative Assembly election, https://en.wikipedia.org/wiki/2023_Telangana_Legislative_Assembly_election"
telangana_2023,2023 Telangana Legislative Assembly election,2023-12-03,Telangana,119,Polstrat,"{""BRS"": [48, 58], ""INC+"": [49, 59], ""NDA"": [5, 10], ""Others"": [6, 8]}","{""INC+"": 65, ""BRS"": 39, ""NDA"": 8, ""Others"": 7}","Wikipedia: 2023 Telangana Legislative Assembly election, https://en.wikipedia.org/wiki/2023_Telangana_Legislative_Assembly_election"
telangana_2023,2023 Telangana Legislative Assembly election,2023-12-03,Telangana,119,ETG,"{""BRS"": [37, 45], ""INC+"": [60, 70], ""NDA"": [6, 8], ""Others"": [5, 7]}","{""INC+"": 65, ""BRS"": 39, ""NDA"": 8, ""Others"": 7}","Wikipedia: 2023 Telangana Legislative Assembly election, https://en.wikipedia.org/wiki/2023_Telangana_Legislative_Assembly_election"
telangana_2023,2023 Telangana Legislative Assembly election,2023-12-03,Telangana,119,Axis My India,"{""BRS"": [34, 44], ""INC+"": [63, 73], ""NDA"": [4, 8], ""Others"": [5, 8]}","{""INC+"": 65, ""BRS"": 39, ""NDA"": 8, ""Others"": 7}","Wikipedia: 2023 Telangana Legislative Assembly election, https://en.wikipedia.org/wiki/2023_Telangana_Legislative_Assembly_election"
mizoram_2023,2023 Mizoram Legislative Assembly election,2023-12-04,Mizoram,40,CNX,"{""MNF"": [14, 18], ""INC"": [8, 10], ""ZPM"": [12, 16], ""BJP"": [0, 2]}","{""ZPM"": 27, ""MNF"": 10, ""BJP"": 2, ""INC"": 1}","Wikipedia: 2023 Mizoram Legislative Assembly election, https://en.wikipedia.org/wiki/2023_Mizoram_Legislative_Assembly_election"
mizoram_2023,2023 Mizoram Legislative Assembly election,2023-12-04,Mizoram,40,Jan Ki Baat,"{""MNF"": [10, 14], ""INC"": [5, 9], ""ZPM"": [15, 25], ""BJP"": [0, 2]}","{""ZPM"": 27, ""MNF"": 10, ""BJP"": 2, ""INC"": 1}","Wikipedia: 2023 Mizoram Legislative Assembly election, https://en.wikipedia.org/wiki/2023_Mizoram_Legislative_Assembly_election"
mizoram_2023,2023 Mizoram Legislative Assembly election,2023-12-04,Mizoram,40,Axis My India,"{""MNF"": [3, 7], ""INC"": [2, 4], ""ZPM"": [28, 35], ""BJP"": [0, 2]}","{""ZPM"": 27, ""MNF"": 10, ""BJP"": 2, ""INC"": 1}","Wikipedia: 2023 Mizoram Legislative Assembly election, https://en.wikipedia.org/wiki/2023_Mizoram_Legislative_Assembly_election"
mizoram_2023,2023 Mizoram Legislative Assembly election,2023-12-04,Mizoram,40,CVoter,"{""MNF"": [15, 21], ""INC"": [2, 8], ""ZPM"": [12, 18], ""BJP"": [0, 5]}","{""ZPM"": 27, ""MNF"": 10, ""BJP"": 2, ""INC"": 1}","Wikipedia: 2023 Mizoram Legislative Assembly election, https://en.wikipedia.org/wiki/2023_Mizoram_Legislative_Assembly_election"
mizoram_2023,2023 Mizoram Legislative Assembly election,2023-12-04,Mizoram,40,Matrize,"{""MNF"": [17, 22], ""INC"": [7, 10], ""ZPM"": [7, 12], ""BJP"": [1, 2]}","{""ZPM"": 27, ""MNF"": 10, ""BJP"": 2, ""INC"": 1}","Wikipedia: 2023 Mizoram Legislative Assembly election, https://en.wikipedia.org/wiki/2023_Mizoram_Legislative_Assembly_election"
mizoram_2023,2023 Mizoram Legislative Assembly election,2023-12-04,Mizoram,40,ETG,"{""MNF"": [14, 18], ""INC"": [9, 13], ""ZPM"": [10, 14], ""BJP"": [0, 2]}","{""ZPM"": 27, ""MNF"": 10, ""BJP"": 2, ""INC"": 1}","Wikipedia: 2023 Mizoram Legislative Assembly election, https://en.wikipedia.org/wiki/2023_Mizoram_Legislative_Assembly_election"
meghalaya_2023,2023 Meghalaya Legislative Assembly election,2023-03-02,Meghalaya,60,Matrize,"{""NPP"": [21, 26], ""TMC"": [8, 13], ""UDP"": [5, 6], ""INC"": [3, 6], ""BJP"": [6, 11], ""Others"": [5, 8]}","{""NPP"": 26, ""TMC"": 5, ""UDP"": 12, ""INC"": 5, ""BJP"": 2, ""Others"": 10}","Wikipedia: 2023 Meghalaya Legislative Assembly election, https://en.wikipedia.org/wiki/2023_Meghalaya_Legislative_Assembly_election"
meghalaya_2023,2023 Meghalaya Legislative Assembly election,2023-03-02,Meghalaya,60,Axis My India,"{""NPP"": [18, 24], ""TMC"": [5, 9], ""UDP"": [8, 12], ""INC"": [6, 12], ""BJP"": [4, 8], ""Others"": [4, 8]}","{""NPP"": 26, ""TMC"": 5, ""UDP"": 12, ""INC"": 5, ""BJP"": 2, ""Others"": 10}","Wikipedia: 2023 Meghalaya Legislative Assembly election, https://en.wikipedia.org/wiki/2023_Meghalaya_Legislative_Assembly_election"
meghalaya_2023,2023 Meghalaya Legislative Assembly election,2023-03-02,Meghalaya,60,ETG,"{""NPP"": [18, 26], ""TMC"": [8, 14], ""UDP"": [8, 14], ""INC"": [2, 5], ""BJP"": [3, 6], ""Others"": [4, 9]}","{""NPP"": 26, ""TMC"": 5, ""UDP"": 12, ""INC"": 5, ""BJP"": 2, ""Others"": 10}","Wikipedia: 2023 Meghalaya Legislative Assembly election, https://en.wikipedia.org/wiki/2023_Meghalaya_Legislative_Assembly_election"
meghalaya_2023,2023 Meghalaya Legislative Assembly election,2023-03-02,Meghalaya,60,Jan Ki Baat,"{""NPP"": [11, 16], ""TMC"": [9, 14], ""UDP"": [10, 14], ""INC"": [6, 11], ""BJP"": [3, 7], ""Others"": [5, 12]}","{""NPP"": 26, ""TMC"": 5, ""UDP"": 12, ""INC"": 5, ""BJP"": 2, ""Others"": 10}","Wikipedia: 2023 Meghalaya Legislative Assembly election, https://en.wikipedia.org/wiki/2023_Meghalaya_Legislative_Assembly_election"
tripura_2023,2023 Tripura Legislative Assembly election,2023-03-02,Tripura,60,Matrize,"{""NDA"": [29, 36], ""SDF"": [13, 21], ""TMP"": [11, 16], ""Others"": [0, 3]}","{""NDA"": 33, ""SDF"": 14, ""TMP"": 13, ""Others"": 0}","Wikipedia: 2023 Tripura Legislative Assembly election, https://en.wikipedia.org/wiki/2023_Tripura_Legislative_Assembly_election"
tripura_2023,2023 Tripura Legislative Assembly election,2023-03-02,Tripura,60,Axis My India,"{""NDA"": [36, 45], ""SDF"": [6, 11], ""TMP"": [9, 16], ""Others"": [1, 1]}","{""NDA"": 33, ""SDF"": 14, ""TMP"": 13, ""Others"": 0}","Wikipedia: 2023 Tripura Legislative Assembly election, https://en.wikipedia.org/wiki/2023_Tripura_Legislative_Assembly_election"
tripura_2023,2023 Tripura Legislative Assembly election,2023-03-02,Tripura,60,ETG,"{""NDA"": [21, 27], ""SDF"": [18, 24], ""TMP"": [12, 17], ""Others"": [1, 2]}","{""NDA"": 33, ""SDF"": 14, ""TMP"": 13, ""Others"": 0}","Wikipedia: 2023 Tripura Legislative Assembly election, https://en.wikipedia.org/wiki/2023_Tripura_Legislative_Assembly_election"
tripura_2023,2023 Tripura Legislative Assembly election,2023-03-02,Tripura,60,Jan Ki Baat,"{""NDA"": [29, 40], ""SDF"": [9, 16], ""TMP"": [10, 14], ""Others"": [0, 1]}","{""NDA"": 33, ""SDF"": 14, ""TMP"": 13, ""Others"": 0}","Wikipedia: 2023 Tripura Legislative Assembly election, https://en.wikipedia.org/wiki/2023_Tripura_Legislative_Assembly_election"
nagaland_2023,2023 Nagaland Legislative Assembly election,2023-03-02,Nagaland,60,Axis My India,"{""NEDA"": [38, 48], ""NPF"": [3, 8], ""INC"": [1, 2], ""Others"": [5, 15]}","{""NEDA"": 37, ""NPF"": 2, ""INC"": 0, ""Others"": 21}","Wikipedia: 2023 Nagaland Legislative Assembly election, https://en.wikipedia.org/wiki/2023_Nagaland_Legislative_Assembly_election"
nagaland_2023,2023 Nagaland Legislative Assembly election,2023-03-02,Nagaland,60,Matrize,"{""NEDA"": [35, 43], ""NPF"": [2, 5], ""INC"": [1, 3], ""Others"": [6, 12]}","{""NEDA"": 37, ""NPF"": 2, ""INC"": 0, ""Others"": 21}","Wikipedia: 2023 Nagaland Legislative Assembly election, https://en.wikipedia.org/wiki/2023_Nagaland_Legislative_Assembly_election"
nagaland_2023,2023 Nagaland Legislative Assembly election,2023-03-02,Nagaland,60,ETG,"{""NEDA"": [39, 49], ""NPF"": [4, 8], ""INC"": [0, 0], ""Others"": [6, 17]}","{""NEDA"": 37, ""NPF"": 2, ""INC"": 0, ""Others"": 21}","Wikipedia: 2023 Nagaland Legislative Assembly election, https://en.wikipedia.org/wiki/2023_Nagaland_Legislative_Assembly_election"
nagaland_2023,2023 Nagaland Legislative Assembly election,2023-03-02,Nagaland,60,Jan Ki Baat,"{""NEDA"": [35, 45], ""NPF"": [6, 10], ""INC"": [0, 0], ""Others"": [9, 15]}","{""NEDA"": 37, ""NPF"": 2, ""INC"": 0, ""Others"": 21}","Wikipedia: 2023 Nagaland Legislative Assembly election, https://en.wikipedia.org/wiki/2023_Nagaland_Legislative_Assembly_election"
gujarat_2022,2022 Gujarat Legislative Assembly election,2022-12-08,Gujarat,182,Axis My India,"{""BJP"": [129, 151], ""INC"": [16, 30], ""AAP"": [9, 21], ""Others"": [2, 6]}","{""BJP"": 156, ""INC"": 17, ""AAP"": 5, ""Others"": 4}","Wikipedia: 2022 Gujarat Legislative Assembly election, https://en.wikipedia.org/wiki/2022_Gujarat_Legislative_Assembly_election"
gujarat_2022,2022 Gujarat Legislative Assembly election,2022-12-08,Gujarat,182,CVoter,"{""BJP"": [128, 140], ""INC"": [31, 43], ""AAP"": [3, 11], ""Others"": [2, 6]}","{""BJP"": 156, ""INC"": 17, ""AAP"": 5, ""Others"": 4}","Wikipedia: 2022 Gujarat Legislative Assembly election, https://en.wikipedia.org/wiki/2022_Gujarat_Legislative_Assembly_election"
gujarat_2022,2022 Gujarat Legislative Assembly election,2022-12-08,Gujarat,182,Matrize,"{""BJP"": [112, 121], ""INC"": [51, 61], ""AAP"": [4, 7], ""Others"": [1, 3]}","{""BJP"": 156, ""INC"": 17, ""AAP"": 5, ""Others"": 4}","Wikipedia: 2022 Gujarat Legislative Assembly election, https://en.wikipedia.org/wiki/2022_Gujarat_Legislative_Assembly_election"
gujarat_2022,2022 Gujarat Legislative Assembly election,2022-12-08,Gujarat,182,Today's Chanakya,"{""BJP"": [150, 150], ""INC"": [19, 19], ""AAP"": [11, 11], ""Others"": [2, 2]}","{""BJP"": 156, ""INC"": 17, ""AAP"": 5, ""Others"": 4}","Wikipedia: 2022 Gujarat Legislative Assembly election, https://en.wikipedia.org/wiki/2022_Gujarat_Legislative_Assembly_election"
gujarat_2022,2022 Gujarat Legislative Assembly election,2022-12-08,Gujarat,182,Jan Ki Baat,"{""BJP"": [117, 140], ""INC"": [34, 51], ""AAP"": [6, 13], ""Others"": [1, 2]}","{""BJP"": 156, ""INC"": 17, ""AAP"": 5, ""Others"": 4}","Wikipedia: 2022 Gujarat Legislative Assembly election, https://en.wikipedia.org/wiki/2022_Gujarat_Legislative_Assembly_election"
gujarat_2022,2022 Gujarat Legislative Assembly election,2022-12-08,Gujarat,182,P-Marq,"{""BJP"": [128, 148], ""INC"": [30, 42], ""AAP"": [2, 10], ""Others"": [0, 3]}","{""BJP"": 156, ""INC"": 17, ""AAP"": 5, ""Others"": 4}","Wikipedia: 2022 Gujarat Legislative Assembly election, https://en.wikipedia.org/wiki/2022_Gujarat_Legislative_Assembly_election"
gujarat_2022,2022 Gujarat Legislative Assembly election,2022-12-08,Gujarat,182,ETG,"{""BJP"": [135, 145], ""INC"": [24, 34], ""AAP"": [6, 16], ""Others"": [1, 3]}","{""BJP"": 156, ""INC"": 17, ""AAP"": 5, ""Others"": 4}","Wikipedia: 2022 Gujarat Legislative Assembly election, https://en.wikipedia.org/wiki/2022_Gujarat_Legislative_Assembly_election"
gujarat_2022,2022 Gujarat Legislative Assembly election,2022-12-08,Gujarat,182,TV9 Gujarati,"{""BJP"": [125, 130], ""INC"": [40, 50], ""AAP"": [3, 5], ""Others"": [3, 7]}","{""BJP"": 156, ""INC"": 17, ""AAP"": 5, ""Others"": 4}","Wikipedia: 2022 Gujarat Legislative Assembly election, https://en.wikipedia.org/wiki/2022_Gujarat_Legislative_Assembly_election"
gujarat_2022,2022 Gujarat Legislative Assembly election,2022-12-08,Gujarat,182,Zee News-BARC,"{""BJP"": [110, 125], ""INC"": [45, 60], ""AAP"": [1, 5], ""Others"": [0, 4]}","{""BJP"": 156, ""INC"": 17, ""AAP"": 5, ""Others"": 4}","Wikipedia: 2022 Gujarat Legislative Assembly election, https://en.wikipedia.org/wiki/2022_Gujarat_Legislative_Assembly_election"
himachal_pradesh_2022,2022 Himachal Pradesh Legislative Assembly election,2022-12-08,Himachal Pradesh,68,Axis My India,"{""BJP"": [24, 34], ""INC"": [30, 40], ""AAP"": [0, 0], ""Others"": [4, 8]}","{""BJP"": 25, ""INC"": 40, ""AAP"": 0, ""Others"": 3}","Wikipedia: 2022 Himachal Pradesh Legislative Assembly election, https://en.wikipedia.org/wiki/2022_Himachal_Pradesh_Legislative_Assembly_election"
himachal_pradesh_2022,2022 Himachal Pradesh Legislative Assembly election,2022-12-08,Himachal Pradesh,68,CVoter,"{""BJP"": [33, 41], ""INC"": [24, 32], ""AAP"": [0, 0], ""Others"": [0, 4]}","{""BJP"": 25, ""INC"": 40, ""AAP"": 0, ""Others"": 3}","Wikipedia: 2022 Himachal Pradesh Legislative Assembly election, https://en.wikipedia.org/wiki/2022_Himachal_Pradesh_Legislative_Assembly_election"
himachal_pradesh_2022,2022 Himachal Pradesh Legislative Assembly election,2022-12-08,Himachal Pradesh,68,Matrize,"{""BJP"": [35, 40], ""INC"": [26, 31], ""AAP"": [0, 0], ""Others"": [0, 3]}","{""BJP"": 25, ""INC"": 40, ""AAP"": 0, ""Others"": 3}","Wikipedia: 2022 Himachal Pradesh Legislative Assembly election, https://en.wikipedia.org/wiki/2022_Himachal_Pradesh_Legislative_Assembly_election"
himachal_pradesh_2022,2022 Himachal Pradesh Legislative Assembly election,2022-12-08,Himachal Pradesh,68,Today's Chanakya,"{""BJP"": [33, 33], ""INC"": [33, 33], ""AAP"": [0, 0], ""Others"": [2, 2]}","{""BJP"": 25, ""INC"": 40, ""AAP"": 0, ""Others"": 3}","Wikipedia: 2022 Himachal Pradesh Legislative Assembly election, https://en.wikipedia.org/wiki/2022_Himachal_Pradesh_Legislative_Assembly_election"
himachal_pradesh_2022,2022 Himachal Pradesh Legislative Assembly election,2022-12-08,Himachal Pradesh,68,Jan Ki Baat,"{""BJP"": [32, 40], ""INC"": [27, 34], ""AAP"": [0, 0], ""Others"": [1, 2]}","{""BJP"": 25, ""INC"": 40, ""AAP"": 0, ""Others"": 3}","Wikipedia: 2022 Himachal Pradesh Legislative Assembly election, https://en.wikipedia.org/wiki/2022_Himachal_Pradesh_Legislative_Assembly_election"
himachal_pradesh_2022,2022 Himachal Pradesh Legislative Assembly election,2022-12-08,Himachal Pradesh,68,P-Marq,"{""BJP"": [34, 39], ""INC"": [28, 33], ""AAP"": [0, 1], ""Others"": [1, 4]}","{""BJP"": 25, ""INC"": 40, ""AAP"": 0, ""Others"": 3}","Wikipedia: 2022 Himachal Pradesh Legislative Assembly election, https://en.wikipedia.org/wiki/2022_Himachal_Pradesh_Legislative_Assembly_election"
himachal_pradesh_2022,2022 Himachal Pradesh Legislative Assembly election,2022-12-08,Himachal Pradesh,68,ETG,"{""BJP"": [34, 42], ""INC"": [24, 32], ""AAP"": [0, 0], ""Others"": [1, 3]}","{""BJP"": 25, ""INC"": 40, ""AAP"": 0, ""Others"": 3}","Wikipedia: 2022 Himachal Pradesh Legislative Assembly election, https://en.wikipedia.org/wiki/2022_Himachal_Pradesh_Legislative_Assembly_election"
himachal_pradesh_2022,2022 Himachal Pradesh Legislative Assembly election,2022-12-08,Himachal Pradesh,68,TV9 Gujarati,"{""BJP"": [33, 33], ""INC"": [31, 31], ""AAP"": [0, 0], ""Others"": [4, 4]}","{""BJP"": 25, ""INC"": 40, ""AAP"": 0, ""Others"": 3}","Wikipedia: 2022 Himachal Pradesh Legislative Assembly election, https://en.wikipedia.org/wiki/2022_Himachal_Pradesh_Legislative_Assembly_election"
himachal_pradesh_2022,2022 Himachal Pradesh Legislative Assembly election,2022-12-08,Himachal Pradesh,68,Zee News-BARC,"{""BJP"": [35, 40], ""INC"": [20, 25], ""AAP"": [0, 3], ""Others"": [1, 5]}","{""BJP"": 25, ""INC"": 40, ""AAP"": 0, ""Others"": 3}","Wikipedia: 2022 Himachal Pradesh Legislative Assembly election, https://en.wikipedia.org/wiki/2022_Himachal_Pradesh_Legislative_Assembly_election"
punjab_2022,2022 Punjab Legislative Assembly election,2022-03-10,Punjab,117,CVoter,"{""UPA"": [22, 28], ""AAP"": [51, 61], ""SAD+"": [20, 26], ""NDA"": [7, 13], ""Others"": [1, 5]}","{""AAP"": 92, ""UPA"": 18, ""SAD+"": 4, ""NDA"": 2, ""Others"": 1}","Wikipedia: 2022 Punjab Legislative Assembly election, https://en.wikipedia.org/wiki/2022_Punjab_Legislative_Assembly_election"
punjab_2022,2022 Punjab Legislative Assembly election,2022-03-10,Punjab,117,Dainik Bhaskar,"{""UPA"": [26, 32], ""AAP"": [38, 44], ""SAD+"": [30, 39], ""NDA"": [7, 10], ""Others"": [1, 2]}","{""AAP"": 92, ""UPA"": 18, ""SAD+"": 4, ""NDA"": 2, ""Others"": 1}","Wikipedia: 2022 Punjab Legislative Assembly election, https://en.wikipedia.org/wiki/2022_Punjab_Legislative_Assembly_election"
punjab_2022,2022 Punjab Legislative Assembly election,2022-03-10,Punjab,117,Polstrat,"{""UPA"": [24, 29], ""AAP"": [56, 61], ""SAD+"": [22, 26], ""NDA"": [1, 6], ""Others"": [0, 3]}","{""AAP"": 92, ""UPA"": 18, ""SAD+"": 4, ""NDA"": 2, ""Others"": 1}","Wikipedia: 2022 Punjab Legislative Assembly election, https://en.wikipedia.org/wiki/2022_Punjab_Legislative_Assembly_election"
punjab_2022,2022 Punjab Legislative Assembly election,2022-03-10,Punjab,117,Axis My India,"{""UPA"": [19, 31], ""AAP"": [76, 90], ""SAD+"": [7, 11], ""NDA"": [1, 4], ""Others"": [0, 2]}","{""AAP"": 92, ""UPA"": 18, ""SAD+"": 4, ""NDA"": 2, ""Others"": 1}","Wikipedia: 2022 Punjab Legislative Assembly election, https://en.wikipedia.org/wiki/2022_Punjab_Legislative_Assembly_election"
punjab_2022,2022 Punjab Legislative Assembly election,2022-03-10,Punjab,117,Ground Zero,"{""UPA"": [49, 59], ""AAP"": [27, 37], ""SAD+"": [20, 30], ""NDA"": [2, 6], ""Others"": [1, 3]}","{""AAP"": 92, ""UPA"": 18, ""SAD+"": 4, ""NDA"": 2, ""Others"": 1}","Wikipedia: 2022 Punjab Legislative Assembly election, https://en.wikipedia.org/wiki/2022_Punjab_Legislative_Assembly_election"
punjab_2022,2022 Punjab Legislative Assembly election,2022-03-10,Punjab,117,Today's Chanakya,"{""UPA"": [10, 10], ""AAP"": [100, 100], ""SAD+"": [6, 6], ""NDA"": [1, 1], ""Others"": [0, 1]}","{""AAP"": 92, ""UPA"": 18, ""SAD+"": 4, ""NDA"": 2, ""Others"": 1}","Wikipedia: 2022 Punjab Legislative Assembly election, https://en.wikipedia.org/wiki/2022_Punjab_Legislative_Assembly_election"
punjab_2022,2022 Punjab Legislative Assembly election,2022-03-10,Punjab,117,P-Marq,"{""UPA"": [23, 31], ""AAP"": [62, 70], ""SAD+"": [16, 24], ""NDA"": [1, 3], ""Others"": [1, 3]}","{""AAP"": 92, ""UPA"": 18, ""SAD+"": 4, ""NDA"": 2, ""Others"": 1}","Wikipedia: 2022 Punjab Legislative Assembly election, https://en.wikipedia.org/wiki/2022_Punjab_Legislative_Assembly_election"
punjab_2022,2022 Punjab Legislative Assembly election,2022-03-10,Punjab,117,Veto,"{""UPA"": [22, 22], ""AAP"": [70, 70], ""SAD+"": [19, 19], ""NDA"": [5, 5], ""Others"": [1, 1]}","{""AAP"": 92, ""UPA"": 18, ""SAD+"": 4, ""NDA"": 2, ""Others"": 1}","Wikipedia: 2022 Punjab Legislative Assembly election, https://en.wikipedia.org/wiki/2022_Punjab_Legislative_Assembly_election"
punjab_2022,2022 Punjab Legislative Assembly election,2022-03-10,Punjab,117,Zee News-DesignBoxed,"{""UPA"": [26, 33], ""AAP"": [52, 61], ""SAD+"": [24, 32], ""NDA"": [3, 7], ""Others"": [0, 0]}","{""AAP"": 92, ""UPA"": 18, ""SAD+"": 4, ""NDA"": 2, ""Others"": 1}","Wikipedia: 2022 Punjab Legislative Assembly election, https://en.wikipedia.org/wiki/2022_Punjab_Legislative_Assembly_election"
uttar_pradesh_2022,2022 Uttar Pradesh Legislative Assembly election,2022-03-10,Uttar Pradesh,403,CVoter,"{""NDA"": [228, 244], ""SP+"": [132, 148], ""BSP"": [13, 21], ""UPA"": [4, 8]}","{""NDA"": 273, ""SP+"": 125, ""BSP"": 1, ""UPA"": 2, ""Others"": 2}","Wikipedia: 2022 Uttar Pradesh Legislative Assembly election, https://en.wikipedia.org/wiki/2022_Uttar_Pradesh_Legislative_Assembly_election"
uttar_pradesh_2022,2022 Uttar Pradesh Legislative Assembly election,2022-03-10,Uttar Pradesh,403,Axis My India,"{""NDA"": [288, 326], ""SP+"": [71, 101], ""BSP"": [3, 9], ""UPA"": [1, 3], ""Others"": [2, 3]}","{""NDA"": 273, ""SP+"": 125, ""BSP"": 1, ""UPA"": 2, ""Others"": 2}","Wikipedia: 2022 Uttar Pradesh Legislative Assembly election, https://en.wikipedia.org/wiki/2022_Uttar_Pradesh_Legislative_Assembly_election"
uttar_pradesh_2022,2022 Uttar Pradesh Legislative Assembly election,2022-03-10,Uttar Pradesh,403,Matrize,"{""NDA"": [262, 277], ""SP+"": [119, 134], ""BSP"": [7, 15], ""UPA"": [3, 8], ""Others"": [0, 0]}","{""NDA"": 273, ""SP+"": 125, ""BSP"": 1, ""UPA"": 2, ""Others"": 2}","Wikipedia: 2022 Uttar Pradesh Legislative Assembly election, https://en.wikipedia.org/wiki/2022_Uttar_Pradesh_Legislative_Assembly_election"
uttar_pradesh_2022,2022 Uttar Pradesh Legislative Assembly election,2022-03-10,Uttar Pradesh,403,Polstrat,"{""NDA"": [223, 223], ""SP+"": [153, 153], ""BSP"": [19, 19], ""UPA"": [6, 6], ""Others"": [2, 2]}","{""NDA"": 273, ""SP+"": 125, ""BSP"": 1, ""UPA"": 2, ""Others"": 2}","Wikipedia: 2022 Uttar Pradesh Legislative Assembly election, https://en.wikipedia.org/wiki/2022_Uttar_Pradesh_Legislative_Assembly_election"
uttar_pradesh_2022,2022 Uttar Pradesh Legislative Assembly election,2022-03-10,Uttar Pradesh,403,P-Marq,"{""NDA"": [240, 240], ""SP+"": [140, 140], ""BSP"": [17, 17], ""UPA"": [4, 4], ""Others"": [2, 2]}","{""NDA"": 273, ""SP+"": 125, ""BSP"": 1, ""UPA"": 2, ""Others"": 2}","Wikipedia: 2022 Uttar Pradesh Legislative Assembly election, https://en.wikipedia.org/wiki/2022_Uttar_Pradesh_Legislative_Assembly_election"
uttar_pradesh_2022,2022 Uttar Pradesh Legislative Assembly election,2022-03-10,Uttar Pradesh,403,Veto,"{""NDA"": [225, 225], ""SP+"": [151, 151], ""BSP"": [9, 9], ""UPA"": [4, 4], ""Others"": [4, 4]}","{""NDA"": 273, ""SP+"": 125, ""BSP"": 1, ""UPA"": 2, ""Others"": 2}","Wikipedia: 2022 Uttar Pradesh Legislative Assembly election, https://en.wikipedia.org/wiki/2022_Uttar_Pradesh_Legislative_Assembly_election"
uttar_pradesh_2022,2022 Uttar Pradesh Legislative Assembly election,2022-03-10,Uttar Pradesh,403,Today's Chanakya,"{""NDA"": [275, 313], ""SP+"": [105, 105], ""BSP"": [2, 2], ""UPA"": [1, 1], ""Others"": [1, 1]}","{""NDA"": 273, ""SP+"": 125, ""BSP"": 1, ""UPA"": 2, ""Others"": 2}","Wikipedia: 2022 Uttar Pradesh Legislative Assembly election, https://en.wikipedia.org/wiki/2022_Uttar_Pradesh_Legislative_Assembly_election"
uttar_pradesh_2022,2022 Uttar Pradesh Legislative Assembly election,2022-03-10,Uttar Pradesh,403,Zee-Design Boxed,"{""NDA"": [223, 248], ""SP+"": [138, 157], ""BSP"": [5, 11], ""UPA"": [4, 9], ""Others"": [3, 5]}","{""NDA"": 273, ""SP+"": 125, ""BSP"": 1, ""UPA"": 2, ""Others"": 2}","Wikipedia: 2022 Uttar Pradesh Legislative Assembly election, https://en.wikipedia.org/wiki/2022_Uttar_Pradesh_Legislative_Assembly_election"
uttar_pradesh_2022,2022 Uttar Pradesh Legislative Assembly election,2022-03-10,Uttar Pradesh,403,CNX,"{""NDA"": [240, 250], ""SP+"": [140, 150], ""BSP"": [6, 12], ""UPA"": [2, 4], ""Others"": [0, 2]}","{""NDA"": 273, ""SP+"": 125, ""BSP"": 1, ""UPA"": 2, ""Others"": 2}","Wikipedia: 2022 Uttar Pradesh Legislative Assembly election, https://en.wikipedia.org/wiki/2022_Uttar_Pradesh_Legislative_Assembly_election"
goa_2022,2022 Goa Legislative Assembly election,2022-03-10,Goa,40,ABP-CVoter,"{""NDA"": [13, 17], ""UPA"": [12, 16], ""AAP"": [1, 5], ""AITC+"": [5, 9], ""Others"": [0, 2]}","{""NDA"": 20, ""UPA"": 12, ""AAP"": 2, ""AITC+"": 2, ""Others"": 4}","Wikipedia: 2022 Goa Legislative Assembly election, https://en.wikipedia.org/wiki/2022_Goa_Legislative_Assembly_election"
goa_2022,2022 Goa Legislative Assembly election,2022-03-10,Goa,40,Axis My India,"{""NDA"": [14, 18], ""UPA"": [15, 20], ""AAP"": [0, 0], ""AITC+"": [2, 5], ""Others"": [0, 4]}","{""NDA"": 20, ""UPA"": 12, ""AAP"": 2, ""AITC+"": 2, ""Others"": 4}","Wikipedia: 2022 Goa Legislative Assembly election, https://en.wikipedia.org/wiki/2022_Goa_Legislative_Assembly_election"
goa_2022,2022 Goa Legislative Assembly election,2022-03-10,Goa,40,CNX,"{""NDA"": [16, 22], ""UPA"": [11, 17], ""AAP"": [0, 2], ""AITC+"": [1, 2], ""Others"": [4, 5]}","{""NDA"": 20, ""UPA"": 12, ""AAP"": 2, ""AITC+"": 2, ""Others"": 4}","Wikipedia: 2022 Goa Legislative Assembly election, https://en.wikipedia.org/wiki/2022_Goa_Legislative_Assembly_election"
goa_2022,2022 Goa Legislative Assembly election,2022-03-10,Goa,40,P-MARQ,"{""NDA"": [13, 17], ""UPA"": [13, 17], ""AAP"": [2, 6], ""AITC+"": [2, 4], ""Others"": [0, 4]}","{""NDA"": 20, ""UPA"": 12, ""AAP"": 2, ""AITC+"": 2, ""Others"": 4}","Wikipedia: 2022 Goa Legislative Assembly election, https://en.wikipedia.org/wiki/2022_Goa_Legislative_Assembly_election"
goa_2022,2022 Goa Legislative Assembly election,2022-03-10,Goa,40,Times Now-Veto,"{""NDA"": [14, 14], ""UPA"": [16, 16], ""AAP"": [4, 4], ""AITC+"": [6, 6], ""Others"": [6, 6]}","{""NDA"": 20, ""UPA"": 12, ""AAP"": 2, ""AITC+"": 2, ""Others"": 4}","Wikipedia: 2022 Goa Legislative Assembly election, https://en.wikipedia.org/wiki/2022_Goa_Legislative_Assembly_election"
goa_2022,2022 Goa Legislative Assembly election,2022-03-10,Goa,40,Zee-DesignBoxed,"{""NDA"": [13, 18], ""UPA"": [14, 19], ""AAP"": [1, 3], ""AITC+"": [2, 5], ""Others"": [1, 3]}","{""NDA"": 20, ""UPA"": 12, ""AAP"": 2, ""AITC+"": 2, ""Others"": 4}","Wikipedia: 2022 Goa Legislative Assembly election, https://en.wikipedia.org/wiki/2022_Goa_Legislative_Assembly_election"
uttarakhand_2022,2022 Uttarakhand Legislative Assembly election,2022-03-10,Uttarakhand,70,ABP-CVoter,"{""NDA"": [26, 32], ""UPA"": [32, 38], ""AAP"": [0, 2], ""Others"": [3, 7]}","{""NDA"": 47, ""UPA"": 19, ""AAP"": 0, ""Others"": 4}","Wikipedia: 2022 Uttarakhand Legislative Assembly election, https://en.wikipedia.org/wiki/2022_Uttarakhand_Legislative_Assembly_election"
uttarakhand_2022,2022 Uttarakhand Legislative Assembly election,2022-03-10,Uttarakhand,70,Polstrat,"{""NDA"": [31, 33], ""UPA"": [33, 35], ""AAP"": [0, 3], ""Others"": [0, 2]}","{""NDA"": 47, ""UPA"": 19, ""AAP"": 0, ""Others"": 4}","Wikipedia: 2022 Uttarakhand Legislative Assembly election, https://en.wikipedia.org/wiki/2022_Uttarakhand_Legislative_Assembly_election"
uttarakhand_2022,2022 Uttarakhand Legislative Assembly election,2022-03-10,Uttarakhand,70,Today's Chanakya,"{""NDA"": [43, 43], ""UPA"": [24, 24], ""AAP"": [3, 3], ""Others"": [3, 3]}","{""NDA"": 47, ""UPA"": 19, ""AAP"": 0, ""Others"": 4}","Wikipedia: 2022 Uttarakhand Legislative Assembly election, https://en.wikipedia.org/wiki/2022_Uttarakhand_Legislative_Assembly_election"
uttarakhand_2022,2022 Uttarakhand Legislative Assembly election,2022-03-10,Uttarakhand,70,Axis My India,"{""NDA"": [36, 46], ""UPA"": [20, 30], ""AAP"": [4, 9], ""Others"": [4, 9]}","{""NDA"": 47, ""UPA"": 19, ""AAP"": 0, ""Others"": 4}","Wikipedia: 2022 Uttarakhand Legislative Assembly election, https://en.wikipedia.org/wiki/2022_Uttarakhand_Legislative_Assembly_election"
uttarakhand_2022,2022 Uttarakhand Legislative Assembly election,2022-03-10,Uttarakhand,70,CNX,"{""NDA"": [35, 43], ""UPA"": [24, 32], ""AAP"": [0, 0], ""Others"": [2, 4]}","{""NDA"": 47, ""UPA"": 19, ""AAP"": 0, ""Others"": 4}","Wikipedia: 2022 Uttarakhand Legislative Assembly election, https://en.wikipedia.org/wiki/2022_Uttarakhand_Legislative_Assembly_election"
uttarakhand_2022,2022 Uttarakhand Legislative Assembly election,2022-03-10,Uttarakhand,70,ETG,"{""NDA"": [37, 40], ""UPA"": [29, 32], ""AAP"": [0, 1], ""Others"": [0, 2]}","{""NDA"": 47, ""UPA"": 19, ""AAP"": 0, ""Others"": 4}","Wikipedia: 2022 Uttarakhand Legislative Assembly election, https://en.wikipedia.org/wiki/2022_Uttarakhand_Legislative_Assembly_election"
uttarakhand_2022,2022 Uttarakhand Legislative Assembly election,2022-03-10,Uttarakhand,70,Jan Ki Baat,"{""NDA"": [32, 41], ""UPA"": [27, 35], ""AAP"": [0, 1], ""Others"": [0, 4]}","{""NDA"": 47, ""UPA"": 19, ""AAP"": 0, ""Others"": 4}","Wikipedia: 2022 Uttarakhand Legislative Assembly election, https://en.wikipedia.org/wiki/2022_Uttarakhand_Legislative_Assembly_election"
uttarakhand_2022,2022 Uttarakhand Legislative Assembly election,2022-03-10,Uttarakhand,70,Times Now-Veto,"{""NDA"": [37, 37], ""UPA"": [31, 31], ""AAP"": [1, 1], ""Others"": [1, 1]}","{""NDA"": 47, ""UPA"": 19, ""AAP"": 0, ""Others"": 4}","Wikipedia: 2022 Uttarakhand Legislative Assembly election, https://en.wikipedia.org/wiki/2022_Uttarakhand_Legislative_Assembly_election"
uttarakhand_2022,2022 Uttarakhand Legislative Assembly election,2022-03-10,Uttarakhand,70,P-Marq,"{""NDA"": [29, 34], ""UPA"": [33, 37], ""AAP"": [1, 3], ""Others"": [1, 3]}","{""NDA"": 47, ""UPA"": 19, ""AAP"": 0, ""Others"": 4}","Wikipedia: 2022 Uttarakhand Legislative Assembly election, https://en.wikipedia.org/wiki/2022_Uttarakhand_Legislative_Assembly_election"
manipur_2022,2022 Manipur Legislative Assembly election,2022-03-10,Manipur,60,Axis My India,"{""BJP"": [33, 43], ""INC"": [4, 8], ""NPP"": [4, 8], ""Others"": [6, 15]}","{""BJP"": 32, ""INC"": 5, ""NPP"": 7, ""NPF"": 5, ""Others"": 11}","Wikipedia: 2022 Manipur Legislative Assembly election, https://en.wikipedia.org/wiki/2022_Manipur_Legislative_Assembly_election"
manipur_2022,2022 Manipur Legislative Assembly election,2022-03-10,Manipur,60,Zee-DesignBoxed,"{""BJP"": [32, 38], ""INC"": [12, 17], ""NPP"": [2, 4], ""NPF"": [3, 5], ""Others"": [2, 5]}","{""BJP"": 32, ""INC"": 5, ""NPP"": 7, ""NPF"": 5, ""Others"": 11}","Wikipedia: 2022 Manipur Legislative Assembly election, https://en.wikipedia.org/wiki/2022_Manipur_Legislative_Assembly_election"
manipur_2022,2022 Manipur Legislative Assembly election,2022-03-10,Manipur,60,P-MARQ,"{""BJP"": [27, 31], ""INC"": [11, 17], ""NPP"": [6, 10], ""NPF"": [2, 6], ""Others"": [3, 7]}","{""BJP"": 32, ""INC"": 5, ""NPP"": 7, ""NPF"": 5, ""Others"": 11}","Wikipedia: 2022 Manipur Legislative Assembly election, https://en.wikipedia.org/wiki/2022_Manipur_Legislative_Assembly_election"
manipur_2022,2022 Manipur Legislative Assembly election,2022-03-10,Manipur,60,ABP-CVoter,"{""BJP"": [23, 27], ""INC"": [12, 16], ""NPP"": [10, 14], ""NPF"": [3, 7], ""Others"": [2, 6]}","{""BJP"": 32, ""INC"": 5, ""NPP"": 7, ""NPF"": 5, ""Others"": 11}","Wikipedia: 2022 Manipur Legislative Assembly election, https://en.wikipedia.org/wiki/2022_Manipur_Legislative_Assembly_election"
manipur_2022,2022 Manipur Legislative Assembly election,2022-03-10,Manipur,60,Jan Ki Baat,"{""BJP"": [23, 28], ""INC"": [10, 14], ""NPP"": [7, 8], ""NPF"": [5, 8], ""Others"": [7, 10]}","{""BJP"": 32, ""INC"": 5, ""NPP"": 7, ""NPF"": 5, ""Others"": 11}","Wikipedia: 2022 Manipur Legislative Assembly election, https://en.wikipedia.org/wiki/2022_Manipur_Legislative_Assembly_election"
west_bengal_2021,2021 West Bengal Legislative Assembly election,2021-05-02,West Bengal,294,ABP-CVoter,"{""AITC+"": [152, 164], ""BJP+"": [109, 121], ""SM"": [14, 25]}","{""AITC+"": 216, ""BJP+"": 77, ""SM"": 1, ""Others"": 0}","Wikipedia: 2021 West Bengal Legislative Assembly election, https://en.wikipedia.org/wiki/2021_West_Bengal_Legislative_Assembly_election"
west_bengal_2021,2021 West Bengal Legislative Assembly election,2021-05-02,West Bengal,294,Today's Chanakya,"{""AITC+"": [169, 191], ""BJP+"": [97, 119], ""SM"": [0, 8], ""Others"": [0, 3]}","{""AITC+"": 216, ""BJP+"": 77, ""SM"": 1, ""Others"": 0}","Wikipedia: 2021 West Bengal Legislative Assembly election, https://en.wikipedia.org/wiki/2021_West_Bengal_Legislative_Assembly_election"
west_bengal_2021,2021 West Bengal Legislative Assembly election,2021-05-02,West Bengal,294,ETG,"{""AITC+"": [164, 176], ""BJP+"": [105, 115], ""SM"": [10, 15], ""Others"": [0, 1]}","{""AITC+"": 216, ""BJP+"": 77, ""SM"": 1, ""Others"": 0}","Wikipedia: 2021 West Bengal Legislative Assembly election, https://en.wikipedia.org/wiki/2021_West_Bengal_Legislative_Assembly_election"
west_bengal_2021,2021 West Bengal Legislative Assembly election,2021-05-02,West Bengal,294,P-MARQ,"{""AITC+"": [152, 172], ""BJP+"": [112, 132], ""SM"": [10, 20]}","{""AITC+"": 216, ""BJP+"": 77, ""SM"": 1, ""Others"": 0}","Wikipedia: 2021 West Bengal Legislative Assembly election, https://en.wikipedia.org/wiki/2021_West_Bengal_Legislative_Assembly_election"
west_bengal_2021,2021 West Bengal Legislative Assembly election,2021-05-02,West Bengal,294,Polstrat,"{""AITC+"": [152, 162], ""BJP+"": [115, 125], ""SM"": [16, 26]}","{""AITC+"": 216, ""BJP+"": 77, ""SM"": 1, ""Others"": 0}","Wikipedia: 2021 West Bengal Legislative Assembly election, https://en.wikipedia.org/wiki/2021_West_Bengal_Legislative_Assembly_election"
west_bengal_2021,2021 West Bengal Legislative Assembly election,2021-05-02,West Bengal,294,Axis My India,"{""AITC+"": [130, 156], ""BJP+"": [134, 160], ""SM"": [0, 2], ""Others"": [0, 1]}","{""AITC+"": 216, ""BJP+"": 77, ""SM"": 1, ""Others"": 0}","Wikipedia: 2021 West Bengal Legislative Assembly election, https://en.wikipedia.org/wiki/2021_West_Bengal_Legislative_Assembly_election"
west_bengal_2021,2021 West Bengal Legislative Assembly election,2021-05-02,West Bengal,294,People's Pulse,"{""AITC+"": [64, 88], ""BJP+"": [173, 192], ""SM"": [7, 12]}","{""AITC+"": 216, ""BJP+"": 77, ""SM"": 1, ""Others"": 0}","Wikipedia: 2021 West Bengal Legislative Assembly election, https://en.wikipedia.org/wiki/2021_West_Bengal_Legislative_Assembly_election"
west_bengal_2021,2021 West Bengal Legislative Assembly election,2021-05-02,West Bengal,294,Jan Ki Baat,"{""AITC+"": [104, 121], ""BJP+"": [162, 185], ""SM"": [3, 9]}","{""AITC+"": 216, ""BJP+"": 77, ""SM"": 1, ""Others"": 0}","Wikipedia: 2021 West Bengal Legislative Assembly election, https://en.wikipedia.org/wiki/2021_West_Bengal_Legislative_Assembly_election"
assam_2021,2021 Assam Legislative Assembly election,2021-05-02,Assam,126,CNX,"{""NDA"": [74, 84], ""Mahajot"": [40, 50], ""Others"": [1, 3]}","{""NDA"": 75, ""Mahajot"": 50, ""Others"": 1}","Wikipedia: 2021 Assam Legislative Assembly election, https://en.wikipedia.org/wiki/2021_Assam_Legislative_Assembly_election"
assam_2021,2021 Assam Legislative Assembly election,2021-05-02,Assam,126,Axis My India,"{""NDA"": [75, 85], ""Mahajot"": [40, 50], ""Others"": [1, 4]}","{""NDA"": 75, ""Mahajot"": 50, ""Others"": 1}","Wikipedia: 2021 Assam Legislative Assembly election, https://en.wikipedia.org/wiki/2021_Assam_Legislative_Assembly_election"
assam_2021,2021 Assam Legislative Assembly election,2021-05-02,Assam,126,Jan Ki Baat,"{""NDA"": [70, 81], ""Mahajot"": [45, 55], ""Others"": [0, 1]}","{""NDA"": 75, ""Mahajot"": 50, ""Others"": 1}","Wikipedia: 2021 Assam Legislative Assembly election, https://en.wikipedia.org/wiki/2021_Assam_Legislative_Assembly_election"
assam_2021,2021 Assam Legislative Assembly election,2021-05-02,Assam,126,ABP-CVoter,"{""NDA"": [58, 71], ""Mahajot"": [53, 66], ""Others"": [0, 5]}","{""NDA"": 75, ""Mahajot"": 50, ""Others"": 1}","Wikipedia: 2021 Assam Legislative Assembly election, https://en.wikipedia.org/wiki/2021_Assam_Legislative_Assembly_election"
assam_2021,2021 Assam Legislative Assembly election,2021-05-02,Assam,126,Today's Chanakya,"{""NDA"": [70, 70], ""Mahajot"": [56, 56], ""Others"": [0, 0]}","{""NDA"": 75, ""Mahajot"": 50, ""Others"": 1}","Wikipedia: 2021 Assam Legislative Assembly election, https://en.wikipedia.org/wiki/2021_Assam_Legislative_Assembly_election"
assam_2021,2021 Assam Legislative Assembly election,2021-05-02,Assam,126,Polstrat,"{""NDA"": [59, 69], ""Mahajot"": [55, 65], ""Others"": [1, 3]}","{""NDA"": 75, ""Mahajot"": 50, ""Others"": 1}","Wikipedia: 2021 Assam Legislative Assembly election, https://en.wikipedia.org/wiki/2021_Assam_Legislative_Assembly_election"
assam_2021,2021 Assam Legislative Assembly election,2021-05-02,Assam,126,P-MARQ,"{""NDA"": [62, 70], ""Mahajot"": [56, 64], ""Others"": [0, 4]}","{""NDA"": 75, ""Mahajot"": 50, ""Others"": 1}","Wikipedia: 2021 Assam Legislative Assembly election, https://en.wikipedia.org/wiki/2021_Assam_Legislative_Assembly_election"
tamil_nadu_2021,2021 Tamil Nadu Legislative Assembly election,2021-05-02,Tamil Nadu,234,CNX,"{""SPA"": [160, 170], ""NDA"": [58, 68], ""Others"": [0, 8]}","{""SPA"": 159, ""NDA"": 75, ""Others"": 0}","Wikipedia: 2021 Tamil Nadu Legislative Assembly election, https://en.wikipedia.org/wiki/2021_Tamil_Nadu_Legislative_Assembly_election"
tamil_nadu_2021,2021 Tamil Nadu Legislative Assembly election,2021-05-02,Tamil Nadu,234,CVoter,"{""SPA"": [160, 172], ""NDA"": [58, 70], ""Others"": [0, 9]}","{""SPA"": 159, ""NDA"": 75, ""Others"": 0}","Wikipedia: 2021 Tamil Nadu Legislative Assembly election, https://en.wikipedia.org/wiki/2021_Tamil_Nadu_Legislative_Assembly_election"
tamil_nadu_2021,2021 Tamil Nadu Legislative Assembly election,2021-05-02,Tamil Nadu,234,Axis My India,"{""SPA"": [175, 195], ""NDA"": [38, 54], ""Others"": [1, 7]}","{""SPA"": 159, ""NDA"": 75, ""Others"": 0}","Wikipedia: 2021 Tamil Nadu Legislative Assembly election, https://en.wikipedia.org/wiki/2021_Tamil_Nadu_Legislative_Assembly_election"
tamil_nadu_2021,2021 Tamil Nadu Legislative Assembly election,2021-05-02,Tamil Nadu,234,P-MARQ,"{""SPA"": [165, 190], ""NDA"": [40, 65], ""Others"": [2, 9]}","{""SPA"": 159, ""NDA"": 75, ""Others"": 0}","Wikipedia: 2021 Tamil Nadu Legislative Assembly election, https://en.wikipedia.org/wiki/2021_Tamil_Nadu_Legislative_Assembly_election"
tamil_nadu_2021,2021 Tamil Nadu Legislative Assembly election,2021-05-02,Tamil Nadu,234,Today's Chanakya,"{""SPA"": [164, 186], ""NDA"": [46, 68], ""Others"": [0, 6]}","{""SPA"": 159, ""NDA"": 75, ""Others"": 0}","Wikipedia: 2021 Tamil Nadu Legislative Assembly election, https://en.wikipedia.org/wiki/2021_Tamil_Nadu_Legislative_Assembly_election"
tamil_nadu_2021,2021 Tamil Nadu Legislative Assembly election,2021-05-02,Tamil Nadu,234,Polstrat,"{""SPA"": [143, 153], ""NDA"": [75, 85], ""Others"": [2, 12]}","{""SPA"": 159, ""NDA"": 75, ""Others"": 0}","Wikipedia: 2021 Tamil Nadu Legislative Assembly election, https://en.wikipedia.org/wiki/2021_Tamil_Nadu_Legislative_Assembly_election"
kerala_2021,2021 Kerala Legislative Assembly election,2021-05-02,Kerala,140,Jan Ki Baat,"{""LDF"": [64, 76], ""UDF"": [61, 71], ""NDA"": [2, 4]}","{""LDF"": 99, ""UDF"": 41, ""NDA"": 0, ""Others"": 0}","Wikipedia: 2021 Kerala Legislative Assembly election, https://en.wikipedia.org/wiki/2021_Kerala_Legislative_Assembly_election"
kerala_2021,2021 Kerala Legislative Assembly election,2021-05-02,Kerala,140,Axis My India,"{""LDF"": [104, 120], ""UDF"": [20, 36], ""NDA"": [0, 2], ""Others"": [0, 2]}","{""LDF"": 99, ""UDF"": 41, ""NDA"": 0, ""Others"": 0}","Wikipedia: 2021 Kerala Legislative Assembly election, https://en.wikipedia.org/wiki/2021_Kerala_Legislative_Assembly_election"
kerala_2021,2021 Kerala Legislative Assembly election,2021-05-02,Kerala,140,Today's Chanakya,"{""LDF"": [93, 111], ""UDF"": [26, 44], ""NDA"": [0, 6], ""Others"": [0, 2]}","{""LDF"": 99, ""UDF"": 41, ""NDA"": 0, ""Others"": 0}","Wikipedia: 2021 Kerala Legislative Assembly election, https://en.wikipedia.org/wiki/2021_Kerala_Legislative_Assembly_election"
kerala_2021,2021 Kerala Legislative Assembly election,2021-05-02,Kerala,140,P-MARQ,"{""LDF"": [72, 79], ""UDF"": [60, 66], ""NDA"": [0, 3], ""Others"": [0, 1]}","{""LDF"": 99, ""UDF"": 41, ""NDA"": 0, ""Others"": 0}","Wikipedia: 2021 Kerala Legislative Assembly election, https://en.wikipedia.org/wiki/2021_Kerala_Legislative_Assembly_election"
kerala_2021,2021 Kerala Legislative Assembly election,2021-05-02,Kerala,140,CNX,"{""LDF"": [72, 80], ""UDF"": [58, 64], ""NDA"": [1, 5]}","{""LDF"": 99, ""UDF"": 41, ""NDA"": 0, ""Others"": 0}","Wikipedia: 2021 Kerala Legislative Assembly election, https://en.wikipedia.org/wiki/2021_Kerala_Legislative_Assembly_election"
kerala_2021,2021 Kerala Legislative Assembly election,2021-05-02,Kerala,140,CVoter,"{""LDF"": [71, 77], ""UDF"": [62, 68], ""NDA"": [0, 2]}","{""LDF"": 99, ""UDF"": 41, ""NDA"": 0, ""Others"": 0}","Wikipedia: 2021 Kerala Legislative Assembly election, https://en.wikipedia.org/wiki/2021_Kerala_Legislative_Assembly_election"
kerala_2021,2021 Kerala Legislative Assembly election,2021-05-02,Kerala,140,Polstrat,"{""LDF"": [70, 80], ""UDF"": [59, 69], ""NDA"": [0, 2]}","{""LDF"": 99, ""UDF"": 41, ""NDA"": 0, ""Others"": 0}","Wikipedia: 2021 Kerala Legislative Assembly election, https://en.wikipedia.org/wiki/2021_Kerala_Legislative_Assembly_election"
bihar_2020,2020 Bihar Legislative Assembly election,2020-11-10,Bihar,243,Jan Ki Baat,"{""NDA"": [91, 117], ""MGB"": [118, 138], ""LJP"": [5, 8], ""Others"": [3, 5]}","{""NDA"": 125, ""MGB"": 110, ""LJP"": 1, ""Others"": 7}","Wikipedia: 2020 Bihar Legislative Assembly election, https://en.wikipedia.org/wiki/2020_Bihar_Legislative_Assembly_election"
bihar_2020,2020 Bihar Legislative Assembly election,2020-11-10,Bihar,243,Today's Chanakya,"{""NDA"": [55, 55], ""MGB"": [180, 180], ""Others"": [8, 8]}","{""NDA"": 125, ""MGB"": 110, ""LJP"": 1, ""Others"": 7}","Wikipedia: 2020 Bihar Legislative Assembly election, https://en.wikipedia.org/wiki/2020_Bihar_Legislative_Assembly_election"
bihar_2020,2020 Bihar Legislative Assembly election,2020-11-10,Bihar,243,P-MARQ,"{""NDA"": [123, 135], ""MGB"": [104, 115], ""LJP"": [0, 1], ""Others"": [0, 10]}","{""NDA"": 125, ""MGB"": 110, ""LJP"": 1, ""Others"": 7}","Wikipedia: 2020 Bihar Legislative Assembly election, https://en.wikipedia.org/wiki/2020_Bihar_Legislative_Assembly_election"
bihar_2020,2020 Bihar Legislative Assembly election,2020-11-10,Bihar,243,CVoter,"{""NDA"": [116, 116], ""MGB"": [120, 120], ""LJP"": [1, 1], ""Others"": [6, 6]}","{""NDA"": 125, ""MGB"": 110, ""LJP"": 1, ""Others"": 7}","Wikipedia: 2020 Bihar Legislative Assembly election, https://en.wikipedia.org/wiki/2020_Bihar_Legislative_Assembly_election"
bihar_2020,2020 Bihar Legislative Assembly election,2020-11-10,Bihar,243,ETG,"{""NDA"": [108, 120], ""MGB"": [114, 126], ""LJP"": [2, 5], ""Others"": [5, 8]}","{""NDA"": 125, ""MGB"": 110, ""LJP"": 1, ""Others"": 7}","Wikipedia: 2020 Bihar Legislative Assembly election, https://en.wikipedia.org/wiki/2020_Bihar_Legislative_Assembly_election"
bihar_2020,2020 Bihar Legislative Assembly election,2020-11-10,Bihar,243,Axis My India,"{""NDA"": [69, 91], ""MGB"": [139, 161], ""LJP"": [3, 5], ""Others"": [3, 5]}","{""NDA"": 125, ""MGB"": 110, ""LJP"": 1, ""Others"": 7}","Wikipedia: 2020 Bihar Legislative Assembly election, https://en.wikipedia.org/wiki/2020_Bihar_Legislative_Assembly_election"
bihar_2020,2020 Bihar Legislative Assembly election,2020-11-10,Bihar,243,ABP-CVoter,"{""NDA"": [104, 128], ""MGB"": [108, 131], ""LJP"": [1, 3], ""Others"": [4, 8]}","{""NDA"": 125, ""MGB"": 110, ""LJP"": 1, ""Others"": 7}","Wikipedia: 2020 Bihar Legislative Assembly election, https://en.wikipedia.org/wiki/2020_Bihar_Legislative_Assembly_election"
delhi_2020,2020 Delhi Legislative Assembly election,2020-02-11,Delhi,70,Axis My India,"{""AAP"": [59, 68], ""NDA"": [2, 11], ""INC"": [0, 0], ""Others"": [0, 0]}","{""AAP"": 62, ""NDA"": 8, ""INC"": 0, ""Others"": 0}","Wikipedia: 2020 Delhi Legislative Assembly election, https://en.wikipedia.org/wiki/2020_Delhi_Legislative_Assembly_election"
delhi_2020,2020 Delhi Legislative Assembly election,2020-02-11,Delhi,70,Jan Ki Baat,"{""AAP"": [55, 55], ""NDA"": [15, 15], ""INC"": [0, 0], ""Others"": [0, 0]}","{""AAP"": 62, ""NDA"": 8, ""INC"": 0, ""Others"": 0}","Wikipedia: 2020 Delhi Legislative Assembly election, https://en.wikipedia.org/wiki/2020_Delhi_Legislative_Assembly_election"
delhi_2020,2020 Delhi Legislative Assembly election,2020-02-11,Delhi,70,ABP-CVoter,"{""AAP"": [51, 65], ""NDA"": [3, 17], ""INC"": [0, 2], ""Others"": [0, 0]}","{""AAP"": 62, ""NDA"": 8, ""INC"": 0, ""Others"": 0}","Wikipedia: 2020 Delhi Legislative Assembly election, https://en.wikipedia.org/wiki/2020_Delhi_Legislative_Assembly_election"
bihar_2025,2025 Bihar Legislative Assembly election,2025-11-14,Bihar,243,Axis My India,"{""NDA"": [121, 141], ""MGB"": [98, 118], ""JSP"": [0, 2], ""Others"": [0, 2]}","{""NDA"": 202, ""MGB"": 35, ""JSP"": 0, ""Others"": 6}","Wikipedia: 2025 Bihar Legislative Assembly election, https://en.wikipedia.org/wiki/2025_Bihar_Legislative_Assembly_election"
bihar_2025,2025 Bihar Legislative Assembly election,2025-11-14,Bihar,243,IANS-Matrize,"{""NDA"": [147, 167], ""MGB"": [70, 90], ""JSP"": [0, 2], ""Others"": [2, 8]}","{""NDA"": 202, ""MGB"": 35, ""JSP"": 0, ""Others"": 6}","Wikipedia: 2025 Bihar Legislative Assembly election, https://en.wikipedia.org/wiki/2025_Bihar_Legislative_Assembly_election"
bihar_2025,2025 Bihar Legislative Assembly election,2025-11-14,Bihar,243,People's Insight,"{""NDA"": [133, 148], ""MGB"": [87, 102], ""JSP"": [0, 2], ""Others"": [3, 6]}","{""NDA"": 202, ""MGB"": 35, ""JSP"": 0, ""Others"": 6}","Wikipedia: 2025 Bihar Legislative Assembly election, https://en.wikipedia.org/wiki/2025_Bihar_Legislative_Assembly_election"
bihar_2025,2025 Bihar Legislative Assembly election,2025-11-14,Bihar,243,Chanakya Strategies,"{""NDA"": [130, 138], ""MGB"": [100, 108], ""JSP"": [0, 0], ""Others"": [3, 5]}","{""NDA"": 202, ""MGB"": 35, ""JSP"": 0, ""Others"": 6}","Wikipedia: 2025 Bihar Legislative Assembly election, https://en.wikipedia.org/wiki/2025_Bihar_Legislative_Assembly_election"
bihar_2025,2025 Bihar Legislative Assembly election,2025-11-14,Bihar,243,People's Pulse,"{""NDA"": [133, 159], ""MGB"": [75, 101], ""JSP"": [0, 5], ""Others"": [2, 8]}","{""NDA"": 202, ""MGB"": 35, ""JSP"": 0, ""Others"": 6}","Wikipedia: 2025 Bihar Legislative Assembly election, https://en.wikipedia.org/wiki/2025_Bihar_Legislative_Assembly_election"
bihar_2025,2025 Bihar Legislative Assembly election,2025-11-14,Bihar,243,JVC,"{""NDA"": [135, 150], ""MGB"": [88, 103], ""JSP"": [0, 1], ""Others"": [3, 6]}","{""NDA"": 202, ""MGB"": 35, ""JSP"": 0, ""Others"": 6}","Wikipedia: 2025 Bihar Legislative Assembly election, https://en.wikipedia.org/wiki/2025_Bihar_Legislative_Assembly_election"
bihar_2025,2025 Bihar Legislative Assembly election,2025-11-14,Bihar,243,Dainik Bhaskar,"{""NDA"": [145, 160], ""MGB"": [73, 91], ""JSP"": [0, 0], ""Others"": [5, 10]}","{""NDA"": 202, ""MGB"": 35, ""JSP"": 0, ""Others"": 6}","Wikipedia: 2025 Bihar Legislative Assembly election, https://en.wikipedia.org/wiki/2025_Bihar_Legislative_Assembly_election"
bihar_2025,2025 Bihar Legislative Assembly election,2025-11-14,Bihar,243,P-Marq,"{""NDA"": [142, 162], ""MGB"": [80, 98], ""JSP"": [1, 4], ""Others"": [0, 3]}","{""NDA"": 202, ""MGB"": 35, ""JSP"": 0, ""Others"": 6}","Wikipedia: 2025 Bihar Legislative Assembly election, https://en.wikipedia.org/wiki/2025_Bihar_Legislative_Assembly_election"
bihar_2025,2025 Bihar Legislative Assembly election,2025-11-14,Bihar,243,TIF Research,"{""NDA"": [145, 163], ""MGB"": [76, 95], ""JSP"": [0, 0], ""Others"": [3, 6]}","{""NDA"": 202, ""MGB"": 35, ""JSP"": 0, ""Others"": 6}","Wikipedia: 2025 Bihar Legislative Assembly election, https://en.wikipedia.org/wiki/2025_Bihar_Legislative_Assembly_election"
bihar_2025,2025 Bihar Legislative Assembly election,2025-11-14,Bihar,243,DV Research,"{""NDA"": [137, 152], ""MGB"": [83, 98], ""JSP"": [2, 4], ""Others"": [1, 8]}","{""NDA"": 202, ""MGB"": 35, ""JSP"": 0, ""Others"": 6}","Wikipedia: 2025 Bihar Legislative Assembly election, https://en.wikipedia.org/wiki/2025_Bihar_Legislative_Assembly_election"
delhi_2020,2020 Delhi Legislative Assembly election,2020-02-11,Delhi,70,Neta-NewsX,"{""AAP"": [53, 57], ""NDA"": [11, 17], ""INC"": [0, 2], ""Others"": [0, 0]}","{""AAP"": 62, ""NDA"": 8, ""INC"": 0, ""Others"": 0}","The Quint, https://www.thequint.com/elections/delhi-election/delhi-assembly-elections-2020-exit-poll-results-live-updates ; corroborated by Deccan Herald, https://www.deccanherald.com/india/delhi-election-exit-polls-highlights-exit-polls-give-aap-a-sweeping-majority-with-bjp-trailing-at-distant-second-802826.html (published 2020-02-08, before 2020-02-11 results) PARTY LABEL: source said ""BJP""; recorded here as ""NDA"" to match this election's existing schema (Delhi's NDA total is effectively just BJP - no other NDA-aligned party contested)."
delhi_2020,2020 Delhi Legislative Assembly election,2020-02-11,Delhi,70,TV9 Bharatvarsh-Cicero,"{""AAP"": [54, 54], ""NDA"": [15, 15], ""INC"": [1, 1], ""Others"": [0, 0]}","{""AAP"": 62, ""NDA"": 8, ""INC"": 0, ""Others"": 0}","The Quint, https://www.thequint.com/elections/delhi-election/delhi-assembly-elections-2020-exit-poll-results-live-updates ; Business Today, https://www.businesstoday.in/latest/economy-politics/story/delhi-election-exit-poll-results-2020-live-news-updates-aap-arvind-kejriwal-bjp-249693-2020-02-08 ; Deccan Herald (same URL as above) — 3 independent sources agree (published 2020-02-08) PARTY LABEL: source said ""BJP""; recorded here as ""NDA"" to match this election's existing schema."
delhi_2020,2020 Delhi Legislative Assembly election,2020-02-11,Delhi,70,Times Now-Ipsos,"{""AAP"": [47, 47], ""NDA"": [23, 23], ""INC"": [0, 0], ""Others"": [0, 0]}","{""AAP"": 62, ""NDA"": 8, ""INC"": 0, ""Others"": 0}","The Quint, https://www.thequint.com/elections/delhi-election/delhi-assembly-elections-2020-exit-poll-results-live-updates (published 2020-02-08). Note: a Deccan Herald live-blog entry logs a conflicting 44/26 figure attributed to ""Times Now"" separately — using The Quint's more clearly time-stamped, internally consistent number. PARTY LABEL: source said ""BJP""; recorded here as ""NDA"" to match this election's existing schema."
delhi_2020,2020 Delhi Legislative Assembly election,2020-02-11,Delhi,70,News Nation,"{""AAP"": [55, 55], ""NDA"": [14, 14], ""INC"": [1, 1], ""Others"": [0, 0]}","{""AAP"": 62, ""NDA"": 8, ""INC"": 0, ""Others"": 0}","Deccan Herald live blog (2020-02-08), https://www.deccanherald.com/india/delhi-election-exit-polls-highlights-exit-polls-give-aap-a-sweeping-majority-with-bjp-trailing-at-distant-second-802826.html ; Wikipedia (archived revision, 2020-02-20): https://web.archive.org/web/20200220081639/https://en.wikipedia.org/wiki/2020_Delhi_Legislative_Assembly_election PARTY LABEL: source said ""BJP""; recorded here as ""NDA"" to match this election's existing schema."
delhi_2020,2020 Delhi Legislative Assembly election,2020-02-11,Delhi,70,Sudarshan News,"{""AAP"": [40, 45], ""NDA"": [24, 28], ""INC"": [0, 0], ""Others"": [0, 0]}","{""AAP"": 62, ""NDA"": 8, ""INC"": 0, ""Others"": 0}","Deccan Herald live blog (2020-02-08, 18:38 IST), https://www.deccanherald.com/india/delhi-election-exit-polls-highlights-exit-polls-give-aap-a-sweeping-majority-with-bjp-trailing-at-distant-second-802826.html PARTY LABEL: source said ""BJP""; recorded here as ""NDA"" to match this election's existing schema."
bihar_2020,2020 Bihar Legislative Assembly election,2020-11-10,Bihar,243,Sudarshan News,"{""NDA"": [121, 121], ""MGB"": [105, 105], ""LJP"": [9, 9], ""Others"": [8, 8]}","{""NDA"": 125, ""MGB"": 110, ""LJP"": 1, ""Others"": 7}","Wikipedia (archived revision, 2020-11-13): https://web.archive.org/web/20201113075518/https://en.wikipedia.org/wiki/2020_Bihar_Legislative_Assembly_election, citing Sudarshan News's own report (published 2020-11-07, byline present): https://web.archive.org/web/20201113075518/https://www.sudarshannews.in/now-result-came-out-in-bihar-elections-8875-newsdetails.aspx"
bihar_2020,2020 Bihar Legislative Assembly election,2020-11-10,Bihar,243,TV9 Bharatvarsh,"{""NDA"": [110, 120], ""MGB"": [115, 125], ""LJP"": [3, 5], ""Others"": [10, 15]}","{""NDA"": 125, ""MGB"": 110, ""LJP"": 1, ""Others"": 7}","Deccan Herald live blog (2020-11-07, 19:25 IST), https://www.deccanherald.com/elections/bihar-election-2020-exit-polls-live-updates-nitish-kumar-nda-bjp-rjd-tejashwi-yadav-mahagathbandhan-ljp-chirag-paswan-nadda-narendra-modi-912610.html PARTY LABEL: re-fetched Deccan Herald directly - entry headlined ""TV9 Bharatvarsh Exit Poll:"" (2020-11-07T19:20:29+05:30), exact wording: ""Grand Alliance -- 115-125 seats, NDA -- 110-120 seats, LJP -- 3-5 seats, Others -- 10-15 seats."" Recorded here as ""MGB"" for ""Grand Alliance"" (= Mahagathbandhan, the English/Hindi names for the same alliance: https://en.wikipedia.org/wiki/Mahagathbandhan)."
bihar_2020,2020 Bihar Legislative Assembly election,2020-11-10,Bihar,243,DV Research,"{""NDA"": [110, 117], ""MGB"": [108, 123], ""LJP"": [4, 10], ""Others"": [8, 23]}","{""NDA"": 125, ""MGB"": 110, ""LJP"": 1, ""Others"": 7}","Deccan Herald live blog (2020-11-07, 20:38 IST), https://www.deccanherald.com/elections/bihar-election-2020-exit-polls-live-updates-nitish-kumar-nda-bjp-rjd-tejashwi-yadav-mahagathbandhan-ljp-chirag-paswan-nadda-narendra-modi-912610.html (reported there as ""News X-DV Research""; harmonized to DV Research, the canonical name already used for this agency in our Delhi 2025/Bihar 2025 rows) PARTY LABEL: re-fetched Deccan Herald directly - entry headlined ""News X-Dvresearch Exit Poll:"" (2020-11-07T20:37:38+05:30), exact wording: ""Grand Alliance -- 108-123 seats, NDA -- 110-117 seats, LJP -- 4-10 seats, Others -- 8-23 seats."" Recorded here as ""MGB"" for ""Grand Alliance"" (= Mahagathbandhan: https://en.wikipedia.org/wiki/Mahagathbandhan)."
bihar_2020,2020 Bihar Legislative Assembly election,2020-11-10,Bihar,243,People's Pulse,"{""NDA"": [90, 110], ""MGB"": [103, 120], ""LJP"": [3, 5]}","{""NDA"": 125, ""MGB"": 110, ""LJP"": 1, ""Others"": 7}","Deccan Herald live blog (2020-11-07, 19:33 IST), https://www.deccanherald.com/elections/bihar-election-2020-exit-polls-live-updates-nitish-kumar-nda-bjp-rjd-tejashwi-yadav-mahagathbandhan-ljp-chirag-paswan-nadda-narendra-modi-912610.html ; India TV News, https://www.indiatvnews.com/elections/news-bihar-exit-poll-updates-jdu-bjp-rjd-ljp-congress-seats-assembly-election-news-663146 — the two sources give slightly different party-level breakdowns but agree closely at the alliance level (NDA range computed from DH's BJP+JDU figures, 90-110, matches India TV's stated NDA range exactly); reporting alliance-level totals only to avoid the party-level discrepancy. ""Others"" not clearly given by either source, omitted."
west_bengal_2021,2021 West Bengal Legislative Assembly election,2021-05-02,West Bengal,294,CNX,"{""AITC+"": [128, 138], ""BJP+"": [138, 148], ""SM"": [11, 21], ""Others"": [0, 0]}","{""AITC+"": 216, ""BJP+"": 77, ""SM"": 1, ""Others"": 0}","Wikipedia (archived revision, 2021-05-03): https://web.archive.org/web/20210503050625/https://en.wikipedia.org/wiki/2021_West_Bengal_Legislative_Assembly_election, corroborated by Business Standard live-blog (2021-04-29), https://www.business-standard.com/article/elections/west-bengal-exit-poll-2021-live-updates-mamata-tmc-over-bjp-congress-cpim-bengal-election-result-highlights-modi-121042900115_1.html (reported there as ""Republic TV - CNX""; harmonized to CNX)"
west_bengal_2021,2021 West Bengal Legislative Assembly election,2021-05-02,West Bengal,294,Sudarshan News,"{""AITC+"": [97, 104], ""BJP+"": [170, 180], ""SM"": [6, 10], ""Others"": [1, 3]}","{""AITC+"": 216, ""BJP+"": 77, ""SM"": 1, ""Others"": 0}","Wikipedia (archived revision, 2021-05-03): https://web.archive.org/web/20210503050625/https://en.wikipedia.org/wiki/2021_West_Bengal_Legislative_Assembly_election, citing Sudarshan News's own article (2021-04-29, byline Shiv Kumar): https://www.sudarshannews.in/Bjp-may-frame-government-in-west-bengal-this-time-20881-newsdetails.aspx"
assam_2021,2021 Assam Legislative Assembly election,2021-05-02,Assam,126,Sudarshan News,"{""NDA"": [65, 75], ""Mahajot"": [45, 55], ""Others"": [0, 4]}","{""NDA"": 75, ""Mahajot"": 50, ""Others"": 1}","Wikipedia (archived revision, 2021-06-13): https://web.archive.org/web/20210613031136/https://en.wikipedia.org/wiki/2021_Assam_Legislative_Assembly_election, citing Sudarshan News (2021-04-29, byline Shiv Kumar)"
assam_2021,2021 Assam Legislative Assembly election,2021-05-02,Assam,126,Pratidin Time,"{""NDA"": [67, 67], ""Mahajot"": [59, 59], ""Others"": [0, 4]}","{""NDA"": 75, ""Mahajot"": 50, ""Others"": 1}","Pratidin Time, ""Exit Polls Predict BJP-Led Alliance Likely To Retain Assam"" (2021-04-29), https://www.pratidintime.com/exit-polls-predict-bjp-led-alliance-likely-to-retain-assam ; also in Wikipedia (archived revision, 2021-06-13): https://web.archive.org/web/20210613031136/https://en.wikipedia.org/wiki/2021_Assam_Legislative_Assembly_election"
tamil_nadu_2021,2021 Tamil Nadu Legislative Assembly election,2021-05-02,Tamil Nadu,234,Spick Media,"{""SPA"": [146, 146], ""NDA"": [85, 85], ""Others"": [3, 3]}","{""SPA"": 159, ""NDA"": 75, ""Others"": 0}","Wikipedia (archived revision, 2021-06-07): https://web.archive.org/web/20210607070411/https://en.wikipedia.org/wiki/2021_Tamil_Nadu_Legislative_Assembly_election, citing the pollster's own official Twitter account @Spick_Media (2021-04-29). Reported there as ""SPICK NEWS - MCV Network""; harmonized to Spick Media, the canonical name already used for this agency in our Tamil Nadu 2026 rows. PARTY LABEL: Wikipedia's archived exit-poll table used ""DMK+""/""AIADMK+""; recorded here as ""SPA""/""NDA"" to match this election's existing schema. Verified SPA = Secular Progressive Alliance, the DMK-led coalition's official name since March 2019: https://en.wikipedia.org/wiki/Secular_Progressive_Alliance"
tamil_nadu_2021,2021 Tamil Nadu Legislative Assembly election,2021-05-02,Tamil Nadu,234,Thanthi TV,"{""SPA"": [133, 133], ""NDA"": [68, 68], ""Others"": [33, 33]}","{""SPA"": 159, ""NDA"": 75, ""Others"": 0}","Wikipedia (archived revision, 2021-06-07): https://web.archive.org/web/20210607070411/https://en.wikipedia.org/wiki/2021_Tamil_Nadu_Legislative_Assembly_election. Others figure (33) is 234-133-68, matching the table's implied residual. PARTY LABEL: Wikipedia's archived exit-poll table used ""DMK+""/""AIADMK+""; recorded here as ""SPA""/""NDA"" to match this election's existing schema. Verified SPA = Secular Progressive Alliance, the DMK-led coalition's official name since March 2019: https://en.wikipedia.org/wiki/Secular_Progressive_Alliance"
kerala_2021,2021 Kerala Legislative Assembly election,2021-05-02,Kerala,140,Manorama News-VMR,"{""LDF"": [68, 78], ""UDF"": [59, 70], ""NDA"": [0, 2], ""Others"": [0, 1]}","{""LDF"": 99, ""UDF"": 41, ""NDA"": 0, ""Others"": 0}","Manorama News, https://www.manoramanewsonline.com/2021/04/29/399715.html ; Wikipedia (archived revision, 2021-08-21): https://web.archive.org/web/20210821195640/https://en.wikipedia.org/wiki/2021_Kerala_Legislative_Assembly_election"
kerala_2021,2021 Kerala Legislative Assembly election,2021-05-02,Kerala,140,Sudarshan News,"{""LDF"": [70, 80], ""UDF"": [59, 65], ""NDA"": [2, 6], ""Others"": [1, 3]}","{""LDF"": 99, ""UDF"": 41, ""NDA"": 0, ""Others"": 0}","Wikipedia (archived revision, 2021-08-21): https://web.archive.org/web/20210821195640/https://en.wikipedia.org/wiki/2021_Kerala_Legislative_Assembly_election, citing Sudarshan News (2021-04-29)"
goa_2022,2022 Goa Legislative Assembly election,2022-03-10,Goa,40,ETG,"{""NDA"": [17, 20], ""UPA"": [15, 17]}","{""NDA"": 20, ""UPA"": 12, ""AAP"": 2, ""AITC+"": 2, ""Others"": 4}","Deccan Herald live blog (2022-03-07, 19:08 IST), https://www.deccanherald.com/amp/story/elections%2Fassembly-elections-2022-exit-polls-live-uttar-pradesh-uttarakhand-goa-punjab-poll-results-bjp-congress-aap-manipur-election-news-1088862.html. AAP/AITC+/Others not given by this pollster. PARTY LABEL: re-fetched Deccan Herald directly (2022-03-07, 19:08 IST) - exact wording: ""ETG poll suggests 15-17 seats for Congress and its allies, and 17-20 for BJP and its allies."" Recorded here as ""UPA""/""NDA"" to match this election's schema."
goa_2022,2022 Goa Legislative Assembly election,2022-03-10,Goa,40,CNN News18,"{""NDA"": [10, 14], ""UPA"": [20, 25], ""AAP"": [0, 1], ""Others"": [4, 8]}","{""NDA"": 20, ""UPA"": 12, ""AAP"": 2, ""AITC+"": 2, ""Others"": 4}","Deccan Herald live blog (2022-03-07, 19:32 IST), https://www.deccanherald.com/amp/story/elections%2Fassembly-elections-2022-exit-polls-live-uttar-pradesh-uttarakhand-goa-punjab-poll-results-bjp-congress-aap-manipur-election-news-1088862.html. AITC+ not given by this pollster. PARTY LABEL: re-fetched Deccan Herald directly - entry headlined ""CNN News 18 predicts Congress win in Goa"" (2022-03-07T19:32:37+05:30), exact wording: ""BJP: 10-14, Congress: 20-25, AAP: 0-1, Others: 4-8."" Recorded here as ""NDA""/""UPA"" to match this election's schema."
goa_2022,2022 Goa Legislative Assembly election,2022-03-10,Goa,40,Polstrat,"{""NDA"": [17, 19], ""UPA"": [11, 13]}","{""NDA"": 20, ""UPA"": 12, ""AAP"": 2, ""AITC+"": 2, ""Others"": 4}","Deccan Herald live blog (2022-03-07), https://www.deccanherald.com/amp/story/elections%2Fassembly-elections-2022-exit-polls-live-uttar-pradesh-uttarakhand-goa-punjab-poll-results-bjp-congress-aap-manipur-election-news-1088862.html (printed there as ""Polstat"", almost certainly Polstrat). AAP/AITC+/Others not given by this pollster. PARTY LABEL: re-fetched Deccan Herald directly (2022-03-07) - exact wording: ""Polstat poll suggests 11-13 seats for the Congress and 17-19 for BJP and its allies."" Recorded here as ""UPA""/""NDA"" to match this election's schema."
punjab_2022,2022 Punjab Legislative Assembly election,2022-03-10,Punjab,117,ETG,"{""AAP"": [72, 72], ""UPA"": [30, 30], ""SAD+"": [10, 10], ""NDA"": [5, 5]}","{""AAP"": 92, ""UPA"": 18, ""SAD+"": 4, ""NDA"": 2, ""Others"": 1}","The Tribune, https://www.tribuneindia.com/news/nation/exit-polls-2022-live-updates-assembly-elections-in-five-states-end-375855 (2022-03-07); corroborated by Deccan Herald reporting a 70-75 range for AAP from the same pollster, https://www.deccanherald.com/amp/story/elections%2Fassembly-elections-2022-exit-polls-live-uttar-pradesh-uttarakhand-goa-punjab-poll-results-bjp-congress-aap-manipur-election-news-1088862.html. Reported as ""ETG Research""; harmonized to ETG. PARTY LABEL: re-fetched The Tribune directly - its Punjab table uses columns ""Congress | AAP | SAD+ | BJP+ | Others""; ETG Research row reads ""30 | 72 | 10 | 5 | 0"". Recorded here as ""UPA"": [30,30], ""AAP"": [72,72], ""SAD+"": [10,10], ""NDA"": [5,5], ""Others"": [0,0] to match this election's schema (Others omitted above since 0-0 adds no information, consistent with how this row was originally entered)."
punjab_2022,2022 Punjab Legislative Assembly election,2022-03-10,Punjab,117,Jan Ki Baat,"{""AAP"": [72, 72], ""UPA"": [24, 24], ""SAD+"": [15, 15], ""NDA"": [5, 5], ""Others"": [1, 1]}","{""AAP"": 92, ""UPA"": 18, ""SAD+"": 4, ""NDA"": 2, ""Others"": 1}","The Tribune, https://www.tribuneindia.com/news/nation/exit-polls-2022-live-updates-assembly-elections-in-five-states-end-375855 (2022-03-07). Reported as ""India News (Jan Ki Baat)""; harmonized to Jan Ki Baat. PARTY LABEL: re-fetched The Tribune directly - its Punjab table uses columns ""Congress | AAP | SAD+ | BJP+ | Others""; ""Jan ki Baat"" row reads ""24 | 72 | 15 | 5 | 1"". Recorded here as ""UPA"": [24,24], ""AAP"": [72,72], ""SAD+"": [15,15], ""NDA"": [5,5], ""Others"": [1,1] to match this election's schema."
uttar_pradesh_2022,2022 Uttar Pradesh Legislative Assembly election,2022-03-10,Uttar Pradesh,403,Jan Ki Baat,"{""NDA"": [222, 260], ""SP+"": [135, 165], ""UPA"": [1, 3], ""BSP"": [4, 9]}","{""NDA"": 273, ""SP+"": 125, ""BSP"": 1, ""UPA"": 2, ""Others"": 2}","The Tribune, https://www.tribuneindia.com/news/nation/exit-polls-2022-live-updates-assembly-elections-in-five-states-end-375855 (2022-03-07); upper bound (260) corroborated by trade-press coverage of the pollster's own accuracy claim. Reported as ""India News (Jan Ki Baat)""; harmonized to Jan Ki Baat. PARTY LABEL: re-fetched The Tribune directly - its UP table uses columns ""BJP+ | SP+ | Congress | BSP | Others""; ""India News"" row reads ""222-260 | 135-165 | 1-3 | 4-9 | –"". Recorded here as ""NDA"": [222,260], ""SP+"": [135,165], ""UPA"": [1,3], ""BSP"": [4,9] to match this election's schema."
uttar_pradesh_2022,2022 Uttar Pradesh Legislative Assembly election,2022-03-10,Uttar Pradesh,403,ETG,"{""NDA"": [230, 245], ""SP+"": [150, 165], ""UPA"": [2, 6], ""BSP"": [5, 10]}","{""NDA"": 273, ""SP+"": 125, ""BSP"": 1, ""UPA"": 2, ""Others"": 2}","The Tribune, https://www.tribuneindia.com/news/nation/exit-polls-2022-live-updates-assembly-elections-in-five-states-end-375855 (2022-03-07). Reported as ""ETG Research""; harmonized to ETG. PARTY LABEL: re-fetched The Tribune directly - its UP table uses columns ""BJP+ | SP+ | Congress | BSP | Others""; ""ETG Research"" row reads ""230-245 | 150-165 | 2-6 | 5-10 | –"". Recorded here as ""NDA"": [230,245], ""SP+"": [150,165], ""UPA"": [2,6], ""BSP"": [5,10] to match this election's schema."
uttar_pradesh_2022,2022 Uttar Pradesh Legislative Assembly election,2022-03-10,Uttar Pradesh,403,Ground Zero,"{""NDA"": [182, 220], ""SP+"": [140, 150], ""UPA"": [2, 8], ""BSP"": [6, 12]}","{""NDA"": 273, ""SP+"": 125, ""BSP"": 1, ""UPA"": 2, ""Others"": 2}","The Tribune, https://www.tribuneindia.com/news/nation/exit-polls-2022-live-updates-assembly-elections-in-five-states-end-375855 (2022-03-07). Reported as ""India TV-Ground Zero""; harmonized to Ground Zero (same brand already used in our Punjab 2022 row). Distinct from India TV-Ground Zero's separate, earlier (2022-02-07) opinion poll. PARTY LABEL: re-fetched The Tribune directly - its UP table uses columns ""BJP+ | SP+ | Congress | BSP | Others""; ""India TV-Ground Zero Research"" row reads ""182-220 | 140-150 | 2-8 | 6-12 | –"". Recorded here as ""NDA"": [182,220], ""SP+"": [140,150], ""UPA"": [2,8], ""BSP"": [6,12] to match this election's schema."
uttarakhand_2022,2022 Uttarakhand Legislative Assembly election,2022-03-10,Uttarakhand,70,Zee News-DesignBoxed,"{""NDA"": [26, 32], ""UPA"": [35, 40], ""BSP"": [2, 3], ""Others"": [1, 3]}","{""NDA"": 47, ""UPA"": 19, ""AAP"": 0, ""Others"": 4}","The Quint, https://www.thequint.com/news/india/bjp-cong-in-a-neck-neck-contest-as-exit-polls-results-split-over-uttarakhand ; Zee News (2022-03-07), archived: https://web.archive.org/web/20220308081531/https://zeenews.india.com/uttarakhand/zee-news-exit-poll-2022-congress-likely-to-seize-power-in-uttarakhand-oust-bjp-2443082.html. AAP not given a seat number by this pollster (only a vote-share figure). PARTY LABEL: Zee News's own article text says ""BJP""/""Congress""; recorded here as ""NDA""/""UPA"" to match this election's existing schema (same BJP-led/Congress-led convention every other Uttarakhand 2022 row already uses)."
manipur_2022,2022 Manipur Legislative Assembly election,2022-03-10,Manipur,60,CNX,"{""BJP"": [26, 31], ""INC"": [12, 17], ""NPP"": [6, 10], ""NPF"": [2, 6], ""Others"": [3, 6]}","{""BJP"": 32, ""INC"": 5, ""NPP"": 7, ""NPF"": 5, ""Others"": 11}","Wikipedia (archived revision, 2022-03-08): https://en.wikipedia.org/w/index.php?title=2022_Manipur_Legislative_Assembly_election&oldid=1075929682 ; India TV (2022-03-07), archived: https://web.archive.org/web/20220308235053/https://www.indiatvnews.com/elections/news/exit-poll-2022-bjp-retain-power-majority-manipur-congress-npf-ground-zero-research-poll-updates-2022-03-07-763157. Reported as ""India TV-CNX"", also referred to in India TV's own headline as ""Ground Zero Research"" — treated as CNX per the exact cited name; note some ambiguity on which established brand this really is. This whole exit-poll table has since been removed from the live Wikipedia page entirely (recovered via archived revision)."
chhattisgarh_2023,2023 Chhattisgarh Legislative Assembly election,2023-12-03,Chhattisgarh,90,P-Marq,"{""INC"": [46, 54], ""BJP"": [35, 42]}","{""INC"": 35, ""BJP"": 54, ""Others"": 1}","Republic World, https://www.republicworld.com/elections/chhattisgarh-exit-poll-result-2023-live-pmarq-details-here (published 2023-11-30, byline Srinwanti Das). Others not given by this pollster."
madhya_pradesh_2023,2023 Madhya Pradesh Legislative Assembly election,2023-12-03,Madhya Pradesh,230,P-Marq,"{""BJP"": [103, 122], ""INC"": [103, 122], ""Others"": [3, 8]}","{""BJP"": 163, ""INC"": 66, ""Others"": 1}","Republic World, https://www.republicworld.com/elections/madhya-pradesh-exit-poll-result-2023-live-pmarq-details-here/ (published 2023-11-30, byline Kamal Joshi). Source gives both major parties the identical range, as published."
telangana_2023,2023 Telangana Legislative Assembly election,2023-12-03,Telangana,119,P-Marq,"{""BRS"": [37, 51], ""INC+"": [58, 71], ""NDA"": [2, 6], ""Others"": [6, 9]}","{""INC+"": 65, ""BRS"": 39, ""NDA"": 8, ""Others"": 7}","Republic World, https://republicworld.com/elections/telangana-exit-poll-result-2023-live-pmarq-details-here.news (published 2023-12-01, byline Abhishek Raval; using the article's own seat-projection table, not its garbled prose). Source separately gave AIMIM 6-8 and Others 0-1; merged into a single ""Others"" range [6,9] since no existing pollster in this dataset breaks out AIMIM separately for Telangana (our ""Others"" bucket already absorbs AIMIM's ~7 actual seats)."
mizoram_2023,2023 Mizoram Legislative Assembly election,2023-12-04,Mizoram,40,P-Marq,"{""MNF"": [14, 20], ""ZPM"": [9, 15], ""INC"": [7, 13]}","{""ZPM"": 27, ""MNF"": 10, ""BJP"": 2, ""INC"": 1}","Republic World, https://www.republicworld.com/elections/mizoram-exit-poll-result-2023-live-pmarq-details-here/ (published 2023-11-30, 19:31 IST). Source also gave ""Others 0-2"" but no existing Mizoram row in this dataset uses an Others bucket (BJP/MNF/INC/ZPM account for all 40 seats), so it's omitted for consistency."
andhra_pradesh_2024,2024 Andhra Pradesh Legislative Assembly election,2024-06-04,Andhra Pradesh,175,Smart Poll,"{""YSRCP"": [74, 90], ""Kutami"": [85, 101]}","{""Kutami"": 164, ""YSRCP"": 11, ""INDIA"": 0}","TV9 Telugu, https://tv9telugu.com/andhra-pradesh/andhra-pradesh-assembly-election-tv9-exit-poll-results-2024-in-telugu-tv9-polstrat-peoples-insight-aaraa-mastan-survey-etc-1269199.html ; corroborated by The South First (as ""Smart Marketing Research Solutions""), https://thesouthfirst.com/andhrapradesh/tdp-led-jana-sena-bjp-alliance-set-to-sweep-andhra-pradesh-exit-poll-survey/ (both published 2024-06-01, before 2024-06-04 results) PARTY LABEL: source said ""TDP alliance""; recorded here as ""Kutami"", the alliance's actual official name (Telugu for ""alliance"", TDP-Jana Sena-BJP coalition), verified via https://en.wikipedia.org/wiki/Kutami"
andhra_pradesh_2024,2024 Andhra Pradesh Legislative Assembly election,2024-06-04,Andhra Pradesh,175,Aatmasakshi,"{""YSRCP"": [98, 116], ""Kutami"": [59, 77]}","{""Kutami"": 164, ""YSRCP"": 11, ""INDIA"": 0}","TV9 Telugu, https://tv9telugu.com/andhra-pradesh/andhra-pradesh-assembly-election-tv9-exit-poll-results-2024-in-telugu-tv9-polstrat-peoples-insight-aaraa-mastan-survey-etc-1269199.html (also seen as ""SAS""/""Atma Sakshi""); YSRCP figure corroborated exactly by The South First, https://thesouthfirst.com/andhrapradesh/tdp-led-jana-sena-bjp-alliance-set-to-sweep-andhra-pradesh-exit-poll-survey/ PARTY LABEL: source said ""TDP alliance""; recorded here as ""Kutami"", verified via https://en.wikipedia.org/wiki/Kutami"
andhra_pradesh_2024,2024 Andhra Pradesh Legislative Assembly election,2024-06-04,Andhra Pradesh,175,Chanakya Strategies,"{""YSRCP"": [39, 49], ""Kutami"": [114, 125]}","{""Kutami"": 164, ""YSRCP"": 11, ""INDIA"": 0}","TV9 Telugu, https://tv9telugu.com/andhra-pradesh/andhra-pradesh-assembly-election-tv9-exit-poll-results-2024-in-telugu-tv9-polstrat-peoples-insight-aaraa-mastan-survey-etc-1269199.html ; numbers match exactly in The South First, https://thesouthfirst.com/andhrapradesh/tdp-led-jana-sena-bjp-alliance-set-to-sweep-andhra-pradesh-exit-poll-survey/. Confirmed as a genuinely distinct company from ""Today's Chanakya"" (chanakyastrategies.in vs todayschanakya.com). PARTY LABEL: source said ""TDP alliance""; recorded here as ""Kutami"", verified via https://en.wikipedia.org/wiki/Kutami"
andhra_pradesh_2024,2024 Andhra Pradesh Legislative Assembly election,2024-06-04,Andhra Pradesh,175,Janmat,"{""YSRCP"": [95, 103], ""Kutami"": [65, 75]}","{""Kutami"": 164, ""YSRCP"": 11, ""INDIA"": 0}","TV9 Telugu, https://tv9telugu.com/andhra-pradesh/andhra-pradesh-assembly-election-tv9-exit-poll-results-2024-in-telugu-tv9-polstrat-peoples-insight-aaraa-mastan-survey-etc-1269199.html AND The South First, https://thesouthfirst.com/andhrapradesh/tdp-led-jana-sena-bjp-alliance-set-to-sweep-andhra-pradesh-exit-poll-survey/ (minor range discrepancy between the two on the Kutami upper bound: TV9 says 67-75, South First says 65-75; using South First's). Reported as ""Janmat Polls""; harmonized to Janmat, the canonical name already used for this agency in our Assam 2026 row. PARTY LABEL: source said ""TDP alliance""/""NDA alliance""; recorded here as ""Kutami"", verified via https://en.wikipedia.org/wiki/Kutami"
andhra_pradesh_2024,2024 Andhra Pradesh Legislative Assembly election,2024-06-04,Andhra Pradesh,175,Political Laboratory,"{""YSRCP"": [103, 113], ""Kutami"": [62, 72]}","{""Kutami"": 164, ""YSRCP"": 11, ""INDIA"": 0}","TV9 Telugu, https://tv9telugu.com/andhra-pradesh/andhra-pradesh-assembly-election-tv9-exit-poll-results-2024-in-telugu-tv9-polstrat-peoples-insight-aaraa-mastan-survey-etc-1269199.html — same brand already used in our Tamil Nadu 2026 rows. PARTY LABEL: source said ""TDP alliance""; recorded here as ""Kutami"", verified via https://en.wikipedia.org/wiki/Kutami"
andhra_pradesh_2024,2024 Andhra Pradesh Legislative Assembly election,2024-06-04,Andhra Pradesh,175,The Pioneer,"{""YSRCP"": [31, 31], ""Kutami"": [144, 144]}","{""Kutami"": 164, ""YSRCP"": 11, ""INDIA"": 0}","The South First, https://thesouthfirst.com/andhrapradesh/tdp-led-jana-sena-bjp-alliance-set-to-sweep-andhra-pradesh-exit-poll-survey/ — The Pioneer is an established national English-language daily reporting its own exit poll. PARTY LABEL: source said ""TDP""; recorded here as ""Kutami"", verified via https://en.wikipedia.org/wiki/Kutami"
haryana_2024,2024 Haryana Legislative Assembly election,2024-10-08,Haryana,90,Axis My India,"{""BJP"": [23, 23], ""INDIA"": [59, 59], ""Others"": [8, 8]}","{""BJP"": 48, ""INDIA"": 37, ""Others"": 5}","India TV News, https://www.indiatvnews.com/haryana/haryana-exit-polls-results-2024-congress-set-to-make-comeback-with-59-seats-bjp-gets-big-setback-with-23-seats-axis-my-india-prediction-latest-updates-2024-10-05-955675 (and repeated consistently in a second India TV News piece the same day, 2024-10-05, before the 2024-10-08 results). Genuinely absent from Wikipedia's current Haryana exit-poll table, confirmed a real gap rather than a duplicate. PARTY LABEL: source (headline) said ""Congress""; recorded here as ""INDIA"" to match this election's existing schema (post-2023 the Congress-led national opposition bloc is commonly reported as ""INDIA"", even where, as in Haryana, no other INDIA-bloc ally meaningfully contested)."
jammu_kashmir_2024,2024 Jammu and Kashmir Legislative Assembly election,2024-10-08,Jammu and Kashmir,90,Dainik Bhaskar,"{""INDIA"": [35, 40], ""BJP"": [20, 25], ""JKPDP"": [5, 12], ""Others"": [4, 16]}","{""INDIA"": 49, ""BJP"": 29, ""JKPDP"": 3, ""Others"": 9}","The Tribune (India), https://www.tribuneindia.com/live-blog/j-k/jammu-and-kashmir-exit-poll-results-2024-live-all-eyes-on-early-predictions/ (2024-10-05, before 2024-10-08 results). Genuinely absent from Wikipedia's current J&K exit-poll table. PARTY LABEL: source said ""NC-Congress alliance""; recorded here as ""INDIA"" to match this election's existing schema (the National Conference-Congress alliance formally contested J&K 2024 under the INDIA bloc banner)."
maharashtra_2024,2024 Maharashtra Legislative Assembly election,2024-11-23,Maharashtra,288,Zeenia,"{""Maha Yuti"": [129, 159], ""MVA"": [124, 154], ""Others"": [0, 2]}","{""Maha Yuti"": 235, ""MVA"": 50, ""Others"": 3}","Zee News, https://zeenews.india.com/india/maharashtra-election-exit-poll-results-2024-bjp-led-mahayuti-or-congress-led-mva-zeenia-says-2822558.html (archived: https://web.archive.org/web/20241121053110/https://zeenews.india.com/india/maharashtra-election-exit-poll-results-2024-bjp-led-mahayuti-or-congress-led-mva-zeenia-says-2822558.html), published 2024-11-20-21, before 2024-11-23 results. ""Zeenia"" is Zee News's own AI-narrated exit-poll product (methodology credited to ICPL); found recurring across several other 2024/2025/2026 elections too, see below."
maharashtra_2024,2024 Maharashtra Legislative Assembly election,2024-11-23,Maharashtra,288,Chanakya Strategies,"{""Maha Yuti"": [152, 160], ""MVA"": [130, 138], ""Others"": [6, 8]}","{""Maha Yuti"": 235, ""MVA"": 50, ""Others"": 3}","Zee News (English), archived: https://web.archive.org/web/20241122012645/https://zeenews.india.com/india/exit-polls-predict-bjp-victory-in-maharashtra-and-jharkhand-mixed-signals-for-oppn-2822623.html. Others figure disputed across sources (6-8 here vs 8-10 in a Zee Hindi table vs 0 on News18's aggregator); using the directly-quoted English-article figure."
jharkhand_2024,2024 Jharkhand Legislative Assembly election,2024-11-23,Jharkhand,81,Zeenia,"{""NDA"": [36, 41], ""MGB"": [39, 44]}","{""MGB"": 56, ""NDA"": 24, ""Others"": 1}","Zee News, https://zeenews.india.com/india/jharkhand-election-exit-poll-results-2024-who-will-get-cm-chair-bjp-jmm-locked-in-fierce-contest-reveals-zeenia-2822578.html (archived: https://web.archive.org/web/20241121095643/https://zeenews.india.com/india/jharkhand-election-exit-poll-results-2024-who-will-get-cm-chair-bjp-jmm-locked-in-fierce-contest-reveals-zeenia-2822578.html), published before 2024-11-23 results. PARTY LABEL: source said ""JMM+ (INDIA)""; recorded here as ""MGB"" to match this election's existing schema. Verified the JMM-Congress-RJD alliance's official name is ""Mahagathbandhan"" (MGB), e.g. https://www.republicworld.com/elections/jharkhand-election-results-2024-live-updates-assembly-election-results-today-hemant-sorens-jmm-bjp-congress-winners-live-news and https://www.thestatesman.com/india/jharkhand-election-results-2024-congress-led-mahagathbandhan-in-lead-show-early-trends-1503368057.html"
jharkhand_2024,2024 Jharkhand Legislative Assembly election,2024-11-23,Jharkhand,81,CVoter,"{""NDA"": [36, 36], ""MGB"": [26, 26], ""Others"": [19, 19]}","{""MGB"": 56, ""NDA"": 24, ""Others"": 1}","Zee News Hindi ""poll of polls"" table, archived: https://web.archive.org/web/20241121032512/https://zeenews.india.com/hindi/explainer/mahayuti-in-6-out-of-10-exit-polls-in-maharashtra-nda-government-in-3-out-of-7-in-jharkhand-know-figures/2523255. Reported there as ""सी वोटर्स"" (CVoter); this table's other Jharkhand rows matched our existing dataset exactly, including an exact match on our stored Chanakya Strategies figures, supporting its reliability. PARTY LABEL: source said ""JMM+ (INDIA)""; recorded here as ""MGB"", verified the JMM-Congress-RJD alliance is officially ""Mahagathbandhan"": https://www.republicworld.com/elections/jharkhand-election-results-2024-live-updates-assembly-election-results-today-hemant-sorens-jmm-bjp-congress-winners-live-news"
delhi_2025,2025 Delhi Legislative Assembly election,2025-02-08,Delhi,70,Zeenia,"{""AAP"": [33, 38], ""NDA"": [31, 36], ""INC"": [0, 2], ""Others"": [0, 2]}","{""AAP"": 22, ""NDA"": 48, ""INC"": 0, ""Others"": 0}","News18's official exit-poll aggregator page, archived: https://web.archive.org/web/20250207115502/https://www.news18.com/elections/assembly/delhi/exit-poll/, before 2025-02-08 results. PARTY LABEL: source said ""BJP+""; recorded here as ""NDA"" to match this election's existing schema."
bihar_2025,2025 Bihar Legislative Assembly election,2025-11-14,Bihar,243,CNX,"{""NDA"": [150, 170], ""MGB"": [70, 90], ""JSP"": [0, 2], ""Others"": [1, 3]}","{""NDA"": 202, ""MGB"": 35, ""JSP"": 0, ""Others"": 6}","News18's official exit-poll aggregator page, archived: https://web.archive.org/web/20251113052513/https://www.news18.com/elections/assembly/bihar/exit-poll/, before 2025-11-14 results."
bihar_2025,2025 Bihar Legislative Assembly election,2025-11-14,Bihar,243,Vote Vibe,"{""NDA"": [125, 145], ""MGB"": [95, 115], ""JSP"": [0, 2], ""Others"": [1, 3]}","{""NDA"": 202, ""MGB"": 35, ""JSP"": 0, ""Others"": 6}","News18's official exit-poll aggregator page, archived: https://web.archive.org/web/20251113052513/https://www.news18.com/elections/assembly/bihar/exit-poll/, before 2025-11-14 results."
bihar_2025,2025 Bihar Legislative Assembly election,2025-11-14,Bihar,243,Polstrat,"{""NDA"": [133, 148], ""MGB"": [87, 102], ""Others"": [3, 5]}","{""NDA"": 202, ""MGB"": 35, ""JSP"": 0, ""Others"": 6}","Zee News Hindi, https://zeenews.india.com/hindi/india/bihar-jharkhand/patna/bihar-election-2025-all-10-exit-polls-indicate-nda-return-grand-alliance-in-bad-shape/2998216 (archived: https://web.archive.org/web/20251112233104/https://zeenews.india.com/hindi/india/bihar-jharkhand/patna/bihar-election-2025-all-10-exit-polls-indicate-nda-return-grand-alliance-in-bad-shape/2998216). This table's other 8 rows matched our existing Bihar 2025 dataset exactly."
bihar_2025,2025 Bihar Legislative Assembly election,2025-11-14,Bihar,243,Praja Poll,"{""NDA"": [186, 186], ""MGB"": [50, 50], ""Others"": [7, 7]}","{""NDA"": 202, ""MGB"": 35, ""JSP"": 0, ""Others"": 6}","Zee News Hindi, https://zeenews.india.com/hindi/india/bihar-jharkhand/patna/bihar-election-2025-all-10-exit-polls-indicate-nda-return-grand-alliance-in-bad-shape/2998216 (archived: https://web.archive.org/web/20251112233104/https://zeenews.india.com/hindi/india/bihar-jharkhand/patna/bihar-election-2025-all-10-exit-polls-indicate-nda-return-grand-alliance-in-bad-shape/2998216); same table as Polstrat above."
assam_2026,2026 Assam Legislative Assembly election,2026-05-04,Assam,126,People's Insight,"{""NDA"": [88, 96], ""ASOM"": [30, 34]}","{""NDA"": 102, ""ASOM"": 21, ""Others"": 3}","NewsX, https://www.newsx.com/elections/assam-exit-poll-results-2026-live-himanta-biswa-sarma-bjp-set-for-historic-hat-trick-pollsters-predict-100-seat-sweep-congress-gaurav-gogoi-wipeout-axis-my-india-cvoter-chanakya-cvoter-chanakya-207368/ (dated 2026-04-29, before 2026-05-04 results). Distinct release for Assam by the same agency already used in our Kerala dataset. PARTY LABEL: source said ""BJP+""/""Congress+""; recorded here as ""NDA""/""ASOM"". ASOM = Asom Sonmilito Morcha, the Congress-led opposition front (INC + Raijor Dal + AJP + CPI(M)/(ML) + APHLC), verified via https://www.deccanherald.com/india/assam/assam-opposition-parties-rename-alliance-as-asom-sonmilito-morcha-3221046"
assam_2026,2026 Assam Legislative Assembly election,2026-05-04,Assam,126,Zeenia,"{""NDA"": [80, 86], ""ASOM"": [29, 35], ""Others"": [8, 13]}","{""NDA"": 102, ""ASOM"": 21, ""Others"": 3}","Zee News live blog (2026-04-29, 18:47 IST), https://zeenews.india.com/india/live-updates/exit-poll-results-2026-live-updates-west-bengal-kerala-tamil-nadu-assam-puducherry-assembly-election-poll-results-29-april-zeenia-3042054.html PARTY LABEL: source said ""BJP""/""Congress""; recorded here as ""NDA""/""ASOM"". ASOM = Asom Sonmilito Morcha, the Congress-led opposition front, verified via https://www.deccanherald.com/india/assam/assam-opposition-parties-rename-alliance-as-asom-sonmilito-morcha-3221046"
kerala_2026,2026 Kerala Legislative Assembly election,2026-05-04,Kerala,140,Zeenia,"{""UDF"": [63, 74], ""LDF"": [58, 70], ""NDA"": [2, 5]}","{""UDF"": 102, ""LDF"": 35, ""NDA"": 3}","Zee News, https://zeenews.india.com/india/out-of-race-but-history-assured-why-kerala-exit-polls-have-a-silver-lining-for-bjp-3042177.html (2026-04-29, 22:50 IST); numbers repeated in Zee News's live blog too."
puducherry_2026,2026 Puducherry Legislative Assembly election,2026-05-04,Puducherry,30,Jan Ki Baat,"{""NDA"": [15, 17], ""SPA"": [11, 13]}","{""NDA"": 18, ""SPA"": 6, ""TVK+"": 3, ""Others"": 3}","Organiser, https://organiser.org/2026/04/30/351195/bharat/puducherry-exit-polls-2026-nda-set-for-second-straight-term-16-to-20-seats-likely/ (2026-04-30, before 2026-05-04 results). This article's numbers for the other Puducherry pollsters (Axis My India, Praja Poll, Kamakhya Analytics, People's Pulse) matched our existing dataset and other outlets exactly. PARTY LABEL: source said ""Congress-DMK""; recorded here as ""SPA"". Verified SPA (Congress + DMK) is this alliance's actual name in Puducherry: https://www.deccanherald.com (2026 Puducherry results coverage describing ""The SPA (Congress + DMK)"" as the main opposition alliance)."
bihar_2020,2020 Bihar Legislative Assembly election,2020-11-10,Bihar,243,Dainik Bhaskar,"{""NDA"": [120, 127], ""MGB"": [71, 81], ""LJP"": [12, 23], ""Others"": [19, 27]}","{""NDA"": 125, ""MGB"": 110, ""LJP"": 1, ""Others"": 7}","Oneindia (citing Dainik Bhaskar's own exit poll, published 2020-11-07 before the 2020-11-10 results), https://www.oneindia.com/india/bihar-exit-polls-2020-dainik-bhaskar-predicts-victory-for-nda-3173822.html: ""Dainik Bhaskar exit poll projects 120-127 seats for NDA and 71-81 seats for the GA. It also projects 12-23 seats for the LJP and up to 27 seats for other parties in the fray."" This resolves an earlier discrepancy: Deccan Herald's live blog gave matching LJP (12-23) and Others (19-27) figures but had swapped the NDA/MGB labels; a second source (BOOM fact-check) independently confirms Dainik Bhaskar predicted NDA at 120-127, consistent with Oneindia here."
